;Residue #;G;A;V;L;I;M;F;W;P;S;T;C;Y;N;Q;D;E;K;R;H
0;0.0;0.53405;0.1867;-0.14068999999999998;-0.09539;-0.24279;-0.0027;-0.055439999999999996;-0.08462;-0.23842000000000002;0.06419000000000001;0.0012100000000000001;0.0005800000000000041;-0.03270000000000001;-0.7633399999999999;-0.33489;0.025050000000000003;-0.66996;0.02882;0.22804000000000002;-0.51929
1;0.0;-0.8691099999999999;1.2333;1.6920399999999998;1.171;1.5917700000000001;0.84996;0.9145000000000001;0.78057;5.45594;1.09453;1.7661;0.80415;0.8962300000000001;1.13278;0.6144099999999999;0.013189999999999999;1.41988;0.72559;0.5046700000000001;1.0817700000000001
2;0.0;0.0;-0.023180000000000006;-0.43487;-0.20515999999999998;-0.32604;-0.14882;-0.32822;-0.34684000000000004;-1.55823;0.13594;-0.03286;-0.32814;-0.31347;0.4792;0.22436000000000006;-0.29396;-0.66067;0.30911000000000005;0.11812;0.07357
3;0.0;-0.20599;-1.50707;-0.6901700000000001;-0.41634;-2.3509;-0.6149899999999999;-0.60259;-0.31998000000000004;-2.0874200000000003;-0.00221;-0.41558999999999996;-0.38834;-0.55088;-2.08688;-2.3390899999999997;-1.72898;-0.71963;-2.08608;-0.38602000000000003;-0.29606000000000005
4;0.0;0.0;0.18283;-1.46798;0.25941000000000003;-0.98203;0.07845000000000002;-0.08399999999999996;-0.36815;-4.08307;0.47789;-1.22541;-0.35866;0.009000000000000008;-0.35075999999999996;-0.42847;-1.37538;-0.5701;-0.08605999999999997;-0.29452999999999996;-0.73217
5;0.0;-0.54864;-1.9901300000000002;-1.7943799999999999;-1.74036;-1.69867;-1.9384199999999998;-0.5423;-1.58279;-1.21685;-1.81804;-1.84543;-1.9147399999999999;-0.06189;-1.74457;-1.7377699999999998;-1.89752;0.002599999999999998;-1.97544;-2.25977;-0.20367000000000002
6;0.0;-0.31963;-0.25544;-0.058010000000000006;-0.03313;-0.005769999999999997;-0.21207;-0.34737999999999997;-0.46251000000000003;-3.97605;0.25495;-0.26850999999999997;-0.22646000000000002;-0.1631;-0.21063;-0.01128;-0.7375099999999999;-0.69465;-0.07631999999999999;-0.06788;-0.54435
7;0.0;0.49235999999999996;0.13095999999999997;0.27411;0.35918999999999995;0.30895;0.31823000000000007;0.38687999999999995;0.40939000000000003;0.0008900000000000002;0.24139;0.33440000000000003;-1.53853;0.38198;0.47057;0.05570999999999998;0.47648999999999997;0.37874;0.25766;0.20828000000000002;0.5887500000000001
8;0.0;-0.77623;-2.2039400000000002;-1.7324300000000004;-1.84018;-0.0743999999999998;-1.8327;-1.60925;-1.6668500000000002;-4.8091800000000005;-1.45678;-1.6267200000000002;-1.7021000000000002;-1.6441;-1.77541;-1.60771;-0.09667999999999999;-1.50554;0.2161900000000001;-0.00241;-1.4325199999999998
9;0.0;0.0;-2.0355700000000003;-2.31988;-1.3096899999999998;-1.11972;-2.30175;-2.42624;-1.47672;-2.15974;-0.70329;-2.50935;-2.27717;-2.7159299999999997;-1.1571500000000001;-1.14889;-1.06497;-2.2970200000000003;-1.12325;-1.10374;-1.16788
10;0.0;0.0;-0.9618500000000001;3.09011;-0.62523;4.23063;1.85127;0.61626;1.42139;-1.23018;2.01334;3.2878;1.4953;0.7492099999999999;1.9550500000000002;2.0623;2.27384;1.93532;1.8062;2.0674099999999997;1.16829
11;0.0;0.0;2.1697100000000002;2.98083;2.9810499999999998;2.8972800000000003;2.05751;2.21476;1.88157;-1.52147;1.21953;3.43035;2.33584;2.20185;2.08559;1.65025;1.7691599999999998;0.64714;2.53552;1.66553;2.28131
12;0.0;0.5144800000000002;0.06296000000000002;0.05394999999999994;-0.4194;-0.21361999999999992;-0.37611;-0.27746999999999994;-0.38527999999999996;-0.0064;0.22789000000000004;0.1305099999999999;0.0035399999999998766;0.22307;0.36324;-0.14250000000000002;0.36418000000000006;0.24742000000000008;-0.6238600000000001;-0.44614;0.4312600000000001
13;0.0;-0.020299999999999985;-0.5626;-0.72899;-1.47684;-0.83591;-1.0598;-1.04143;-0.501;0.67064;-0.17314999999999997;-0.00023;-0.45593;-0.8128;0.0014299999999999868;-1.1843700000000001;0.36818;-0.30574;-0.82084;-1.23216;-0.26058
14;0.0;1.2307;0.94821;4.17571;3.18678;4.62714;2.93661;2.2538;2.82993;5.134930000000001;-0.00028;1.87382;2.5937699999999997;2.81156;2.23712;2.72205;-0.12408999999999998;0.84925;2.9602;2.97935;3.5540700000000003
15;0.0;0.6281300000000001;-0.5315;-1.01537;-0.24858000000000002;-0.77745;-0.89242;1.1672799999999999;1.19267;-2.36042;0.0009599999999999999;0.013319999999999999;0.20601000000000003;-0.60912;-0.10730000000000006;-0.27396000000000004;0.444;-1.49425;-0.38524;-0.10150999999999999;0.66807
16;0.0;2.30141;1.6987900000000002;1.7204400000000002;1.97978;2.10467;2.8813;2.47033;1.70588;1.7094399999999998;2.60573;2.2748;1.78809;2.09503;2.37865;1.32332;1.59224;-0.02709;2.08934;2.16561;1.5299200000000002
17;0.0;0.17610000000000003;-0.21982000000000002;-0.22977999999999998;-0.65456;-0.22897;-0.30306;-0.4085;-0.6092000000000001;-1.0509700000000002;-0.21413000000000004;-0.10320999999999991;-0.31221;-0.22009;-0.36404;-0.03263;0.29149;0.46252;0.17428;0.40956;-0.46930999999999995
18;0.0;1.9704500000000005;1.4434399999999998;0.3077;0.19684000000000001;-0.00244;2.19882;2.2350199999999996;13.360090000000001;1.0604699999999996;2.41516;2.27276;0.9160400000000002;8.39882;2.1298399999999997;0.8307000000000002;1.8665800000000004;2.952;4.14986;7.521459999999999;4.037640000000001
19;0.0;-0.3137100000000004;-0.28431000000000006;-0.47570999999999986;-0.8117099999999999;-1.18541;0.021150000000000002;-4.90362;-7.349319999999999;-0.07675000000000054;-0.5926100000000001;-0.8734600000000001;0.05316999999999972;-10.867360000000001;-0.8669500000000001;0.1718099999999998;-0.5874600000000001;-1.2969299999999997;-2.52823;-1.0017800000000001;-4.61734
20;0.0;-0.59839;-0.29877000000000004;-1.08878;0.55173;-1.37171;0.96546;0.2551;-0.35162;-0.23116999999999965;-0.7263600000000001;-1.58462;0.0938000000000001;0.57564;-0.98692;-0.44403000000000004;-1.18173;-0.16670000000000001;-0.00101;-0.04175999999999999;0.31343000000000004
21;0.0;0.19738999999999995;-0.20035;-0.79294;-0.45163;-0.40905000000000014;0.09101999999999988;0.6751999999999999;0.19657999999999998;0.2265600000000001;2.09584;0.0017400000000000002;-0.12817;-1.0078;-0.63924;-0.46414999999999995;0.6767000000000001;0.9302100000000001;0.05387999999999993;-0.66813;0.78304
22;0.0;0.0;1.1999300000000002;3.57627;5.57858;4.43726;5.3052600000000005;13.42545;19.255940000000002;3.2396599999999998;-0.036150000000000015;2.46617;2.22945;16.01363;4.8017;5.3486199999999995;5.70847;4.85044;7.10593;14.18947;12.913110000000001
23;0.0;-0.56372;0.0;-1.22259;-6.2369;-7.27571;-6.1283900000000004;-13.44515;-23.560160000000003;2.82016;-0.79957;-0.24243000000000003;-0.7108300000000001;-16.13741;-4.6129;-5.85692;-5.5936;-6.87863;-9.12469;-12.839720000000002;-10.93647
24;0.0;-0.44767;-0.12141000000000002;-2.67231;0.012750000000000001;-2.45163;-0.07868999999999998;-5.21671;-7.14355;-3.17948;-0.030810000000000226;-0.5070400000000002;-0.11092000000000013;-6.55058;-1.0572899999999996;-0.047699999999999854;-0.50204;-0.08146000000000031;0.4521600000000001;0.44018;-1.5098099999999999
25;0.0;1.3959100000000007;0.9497200000000001;1.8190500000000003;0.06396;0.59263;0.26782;3.4052;13.72459;1.0611699999999997;1.6193400000000002;1.14954;0.8342800000000001;4.143250000000001;1.1565600000000003;1.62011;0.7955700000000006;1.4653900000000002;2.8784700000000005;3.29187;2.66107
26;0.0;2.47274;1.6720599999999999;1.5771;-0.0008500000000000001;2.05163;0.32039;3.20944;14.47752;3.831740000000001;1.9534000000000002;1.00995;1.89208;5.51005;2.64235;0.6475599999999999;1.9162400000000002;2.52652;2.05521;7.5620899999999995;1.0265600000000004
27;0.0;0.48009999999999997;0.5457;0.5013;-1.55418;-1.91112;0.6345099999999999;1.18352;-0.028729999999999922;1.1175499999999996;-0.43311999999999995;-0.68948;0.50273;0.09780999999999995;0.16946000000000006;-0.01752;-0.9357499999999999;-0.912;0.61259;0.09067999999999998;-0.18145
28;0.0;0.0;0.025449999999999973;0.643;1.2474200000000002;0.4917499999999999;1.6130499999999999;3.28011;1.1268500000000001;0.4192300000000002;0.05179;1.38231;0.21794000000000002;1.26854;0.8387899999999999;0.2929900000000001;-0.41899000000000003;0.15915;-0.04825999999999997;0.02644000000000002;1.54853
29;0.0;0.4438299999999997;0.66479;1.2499500000000001;1.06479;1.32575;0.50277;-0.01376;-1.89221;3.1988;0.5922800000000001;0.8424300000000002;0.38194000000000017;2.75135;0.16406999999999994;0.7667599999999999;1.3281399999999999;1.1338100000000004;0.8749500000000001;1.8866900000000002;0.2647400000000002
30;0.0;2.74744;1.7848799999999998;0.23258999999999985;1.0941;0.0016499999999999996;1.31408;9.83185;10.42327;2.5227200000000005;2.1814500000000003;1.51133;1.36598;10.62242;2.28834;2.7759600000000004;2.9059000000000004;3.31846;4.38459;7.822159999999999;7.227269999999999
31;0.0;-0.016819999999999835;-0.27795;-0.69392;-0.81676;-0.49134;-0.47638000000000014;-1.7034099999999999;-1.09072;-1.3882099999999995;-0.46812000000000004;-0.17969000000000002;-0.6598800000000001;-1.23885;-0.57839;0.05436;-0.69813;-0.45494;-0.54447;0.8735900000000001;-1.2627700000000002
32;0.0;0.3643900000000001;0.37866;0.5674299999999999;0.85074;0.82228;0.18594;-0.80172;-1.70095;1.71246;0.041319999999999996;-0.34529;0.71034;0.45215;1.14372;0.29211;-0.0004400000000000003;0.08912999999999999;1.18986;1.6397599999999999;0.25043
33;0.0;-0.04109000000000007;-0.67528;1.36775;-0.86807;1.1568399999999999;0.5226000000000002;-1.3711799999999998;-0.97008;-0.3850600000000002;-0.05237000000000003;-0.15615999999999997;0.5050399999999999;2.22449;-0.7765000000000001;-0.67882;0.19033000000000033;0.6913000000000002;-0.24221000000000004;0.20567;-0.7192000000000001
34;0.0;1.07896;0.0;0.32755999999999996;1.9761799999999998;1.1004800000000001;0.67712;9.30124;18.25718;-0.6570400000000003;0.47995;0.07726999999999995;0.8577499999999999;13.149999999999999;3.1746600000000003;2.62666;4.058339999999999;3.9904900000000003;3.97154;6.62101;13.39403
35;0.0;0.0;-0.45786000000000004;-0.5008600000000001;-0.31576000000000004;-0.62483;-0.70976;-0.12874999999999998;-0.22493000000000002;0.9917300000000002;-0.11075000000000002;0.21652999999999997;-0.032969999999999985;-0.35115;-0.36455000000000004;-0.66712;-0.2611;-0.45061;-0.014089999999999936;-0.05359999999999998;-0.3006
36;0.0;-0.5515399999999999;-0.34984;0.6023400000000001;0.22419;1.04883;0.9514400000000001;-0.11443999999999999;-0.34299999999999997;-1.5934600000000003;-0.28539000000000003;-0.013900000000000023;0.12362999999999999;-0.29828999999999994;0.21432;0.65064;0.45530000000000004;-0.12963999999999998;0.08792;-0.007459999999999998;-0.7634000000000001
37;0.0;1.27324;0.9014200000000001;1.4712800000000001;0.85537;0.7727199999999999;0.04217;1.7761300000000002;0.57541;1.19265;1.02015;1.27908;0.70129;2.54627;0.6573100000000001;-0.41903;-0.13379999999999992;-0.2978099999999997;0.40242;0.3755599999999999;0.29366000000000003
38;0.0;0.0;-0.52729;-0.3607199999999997;1.0649099999999998;-0.14704000000000006;1.03727;1.37937;1.0090599999999998;2.3978099999999998;1.00232;-0.1722800000000002;0.9467399999999997;0.96855;0.8686799999999999;1.0945900000000002;0.90612;0.9810000000000003;1.0238999999999998;0.9624900000000001;0.6001399999999997
39;0.0;0.0;-0.24338000000000015;0.5973999999999995;0.6141100000000002;0.7068300000000001;-0.1810900000000002;1.0398699999999996;0.8478999999999997;1.93269;0.007390000000000008;-0.1730299999999998;0.05813999999999986;0.6896;0.8813499999999999;0.033199999999999896;1.09912;0.0050600000000002865;0.2090700000000001;0.6328500000000004;0.65727
40;0.0;4.389530000000001;2.47451;0.45429;2.07856;0.49192;2.08832;1.77131;2.04157;0.45614;3.02947;0.78049;0.9356300000000001;1.80753;2.55743;2.52002;2.24949;-0.0019400000000000008;1.00722;0.77508;3.8847699999999996
41;0.0;0.15516;0.0;-1.1999399999999998;-1.4895100000000001;-1.48232;-0.67371;0.62882;-0.58324;-3.90966;-0.59508;-1.2307299999999999;-1.38221;0.66686;-0.7542399999999999;-1.20985;0.45517;-0.9445899999999999;-1.1184699999999999;-1.0744500000000001;-0.71984
42;0.0;3.01307;1.55931;1.00641;1.27325;0.88842;1.16209;1.05352;2.2110000000000003;0.00099;2.3936599999999997;2.5617900000000002;0.12202000000000002;1.11399;2.52917;2.08751;2.9103499999999998;2.62484;2.68128;2.98483;2.2728300000000004
43;0.0;-0.29364;-1.3633099999999998;-0.08437;0.09855;-1.2773;-0.03646;-1.2598799999999999;0.21191;-1.97688;0.20169;0.06460999999999997;-0.15736;-1.3233400000000002;-1.3058;-1.03445;-1.35525;-0.0176;-1.06726;0.17181000000000002;0.05813
44;0.0;6.07447;2.08885;1.45717;-0.03725;3.31682;0.21767000000000003;3.7227700000000006;5.05576;1.7683399999999998;3.8567099999999996;2.40512;2.55466;3.6278200000000003;2.4598899999999997;3.7889;3.15239;4.28455;2.26768;4.65616;4.54083
45;0.0;3.03548;0.0;-0.15981;0.80487;1.51634;0.46815999999999997;2.28624;2.37179;-3.9661299999999997;0.69326;1.21926;0.23559999999999998;2.62282;1.8224699999999998;1.9257199999999999;0.09493;-0.16551;2.44617;2.56583;1.9927599999999999
46;0.0;4.04315;1.8738899999999998;1.57424;0.00098;0.5024799999999999;-0.36823000000000006;0.26366;1.2708;5.1678299999999995;2.69339;3.0336499999999997;1.52858;2.8262799999999997;3.21048;2.787;2.06158;1.8701599999999998;3.3041799999999997;3.8801300000000003;2.92509
47;0.0;-1.1616600000000001;-0.8670800000000001;-0.13333;-0.08478999999999998;-0.03487;0.31071999999999994;0.24186000000000007;0.40081999999999995;-3.1021900000000002;-0.7219899999999999;-0.13767000000000001;0.26129;0.29944000000000004;0.20285;-0.54162;0.0008;-0.9914799999999999;-0.0007000000000000339;0.66788;0.31102
48;0.0;-0.7153200000000001;-0.9887899999999998;-1.45599;-1.0479699999999998;-1.69208;-0.82816;-0.9302699999999999;-1.56751;0.00804;-1.0555;-1.76817;-1.35262;-0.85483;-1.3348;-1.3277800000000002;-1.52077;-1.2473100000000001;-0.27896999999999994;-0.03642000000000001;-1.15054
49;0.0;1.98848;0.30736;0.0024000000000000002;-0.23365000000000002;-0.63;0.16412000000000004;0.42523;0.18275;-4.85403;0.44003000000000003;-0.69689;0.22172;0.39691;0.8056300000000001;0.99768;-0.18410000000000004;0.07605;0.88561;1.19346;0.6560699999999999
50;0.0;-2.0400899999999997;-0.94398;-0.5323300000000001;0.77739;-0.04413;0.24807000000000007;0.60014;-1.4017400000000002;0.00114;-1.27048;-0.7277500000000001;-0.7914899999999999;0.19675999999999993;0.32274;-1.0280099999999999;-1.54908;-1.4306;-0.22888999999999993;-0.20045000000000002;-1.30112
51;0.0;0.54294;-0.19277999999999995;-1.5248;-2.0141;0.26480999999999993;-2.01029;-1.69254;-1.58641;-0.96148;0.78282;-1.04646;-1.08161;-1.19357;0.39884;-0.04163;1.83155;-0.08245;-1.0545499999999999;-0.11425999999999997;-0.06589999999999996
52;0.0;0.5061800000000005;2.11004;3.0903199999999997;2.4575700000000005;3.35665;2.9772999999999996;2.9694;2.87682;-0.6625699999999997;1.15394;2.19301;2.8545499999999997;3.7423800000000003;0.8670599999999995;2.4650399999999997;-0.11611999999999999;-0.2562500000000001;2.87305;3.52999;1.97552
53;0.0;0.9246099999999999;0.0;0.11922000000000002;0.885;0.11257;0.34636;1.11924;0.13544;-1.1578199999999998;0.87228;0.7699;0.71585;1.0997999999999999;1.05633;0.03273999999999999;0.21025;-0.6468400000000001;0.87703;0.6588;1.02248
54;0.0;0.39022999999999997;0.58211;0.59231;0.8545400000000003;0.5246799999999999;1.4502499999999998;2.86204;1.68348;-2.60334;0.00031;0.6624899999999999;0.66047;1.70804;0.0854;1.1715900000000001;-0.25879;0.54933;1.5910900000000001;1.15023;1.20972
55;0.0;-0.45903000000000027;-0.42281000000000013;-0.48885;-0.98006;-0.2669600000000001;1.41635;3.38211;3.05178;1.02811;0.56872;-0.0027400000000000002;-0.38588999999999996;4.56224;0.22302999999999995;-1.15331;-2.3784499999999995;-1.74142;0.4414699999999998;0.17591;2.74341
56;0.0;0.12012;0.013099999999999987;-0.20604;0.06208;-0.21343;0.40465;-0.24357;0.5476599999999999;1.8397700000000001;-0.13368000000000002;0.55226;0.14695999999999998;0.10138999999999998;0.16847;0.14887;0.033869999999999956;-0.18364999999999998;-0.01335;-0.34596;-0.015519999999999978
57;0.0;-0.24577000000000004;-0.39861;-0.6409400000000001;-0.26956;-0.53561;0.5455300000000001;0.2086;1.0236;-1.8490899999999997;-0.10282000000000002;0.17837000000000003;-0.43127000000000004;0.10989000000000002;-0.28370999999999996;-0.57975;-0.6231800000000001;-0.73368;0.01411;-0.30898;-0.045909999999999895
58;0.0;0.41127;0.0654300000000001;0.77243;0.015489999999999999;0.68345;0.66468;4.758380000000001;2.99585;0.19784000000000024;0.4354300000000002;1.2344300000000001;0.12193999999999994;3.51487;0.8458600000000001;0.06166999999999989;0.7006700000000006;0.52251;1.9500099999999998;0.5178500000000001;0.6422300000000005
59;0.0;-0.21197;-0.48212;-0.44974000000000003;-1.6295800000000003;0.0040000000000000036;-1.58008;-2.3095499999999998;-4.71457;1.8154100000000004;0.00058;0.15642;-0.43936;-0.32345;-0.14962999999999999;-0.75817;-1.59265;-0.8595;0.28559999999999997;0.01978000000000002;-1.9167400000000003
60;0.0;0.13583;-0.08648;0.12276999999999999;0.5812999999999999;0.19954;-0.1561;0.56247;-0.025139999999999996;-3.1846900000000002;-0.60951;-0.26613000000000003;0.30188;1.01408;-0.10137999999999997;-0.17495;-0.17445;0.00669;0.33996;0.29896;0.060939999999999994
61;0.0;-0.5708799999999998;-1.11133;-1.7342899999999999;-2.10886;-1.00008;-1.2242499999999998;-0.9737299999999999;-0.50923;3.0444400000000003;0.29194;0.0032300000000000106;-0.00028000000000000003;-0.64156;0.7432099999999999;-0.34857000000000005;-0.41355;-0.51136;-1.36635;-0.15999;0.29352
62;0.0;1.5157899999999995;0.9683700000000002;-0.5020799999999999;-0.015719999999999998;-0.35546999999999995;-0.04426000000000002;-0.3113800000000001;5.5929400000000005;1.8236299999999996;0.9891100000000002;1.1699899999999999;0.4039699999999997;0.31215;0.7293099999999999;1.59301;1.18471;1.3062199999999997;2.2896300000000003;1.8073100000000002;0.9276899999999999
63;0.0;0.12155000000000005;0.36494000000000004;0.52329;0.5805699999999999;-0.19108000000000003;-0.37084000000000006;0.14533000000000001;-0.54339;-2.1472599999999993;0.5642099999999999;0.80887;0.59666;0.8031900000000001;-0.25147;-0.38218;0.5986799999999999;0.34892999999999996;-0.00401;-0.1442;-0.42556000000000005
64;0.0;0.2962100000000001;0.178;0.11057999999999996;-0.11684;0.24364000000000002;-0.42594999999999994;0.32693;0.12326000000000001;-0.9037200000000003;-0.14877999999999997;0.5099100000000001;0.47508000000000006;0.27843999999999997;0.14234999999999998;-0.32963;0.00869999999999993;-0.024430000000000007;0.27445;0.0138;0.17532000000000003
65;0.0;3.6435299999999997;2.61459;0.23458999999999997;1.36581;-0.00793;2.97005;7.52778;12.235610000000001;2.8172699999999997;2.8196600000000003;1.62968;1.84997;9.629399999999999;1.86445;3.77556;1.8397500000000002;1.70846;4.5155199999999995;6.43549;3.9411300000000002
66;0.0;0.0;3.31879;8.33498;10.75537;10.848429999999999;10.96049;10.27443;8.922559999999999;3.61979;2.82561;6.98301;6.7644;10.04189;9.10303;10.46761;10.10926;10.91695;9.180570000000001;8.195739999999999;14.81828
67;0.0;-0.34411;-0.12634999999999996;-1.2864600000000002;-0.49263;-1.94975;-0.46848999999999996;-0.57123;-0.91788;-3.0888100000000005;-0.27559999999999996;-1.24743;-0.56219;-0.36088000000000003;-0.033299999999999996;-0.35227;0.00679;-0.30814;-0.3735200000000001;-0.53451;0.029090000000000005
68;0.0;0.18423;-0.26648999999999995;-1.0483099999999999;-0.84303;-1.53766;-0.06984999999999997;-1.26653;0.29055999999999993;-1.2313399999999999;0.83354;-0.5293100000000001;-0.35597;-1.32599;0.58501;-0.30317;0.17796999999999996;0.0082;-0.87313;-0.11055999999999999;-0.26212
69;0.0;2.77374;1.0431399999999997;1.7798700000000003;-0.037770000000000005;2.0905799999999997;0.59431;6.23768;11.32026;1.2497299999999996;2.7812999999999994;2.36627;1.36896;8.300049999999999;2.4971900000000002;2.46784;2.05463;1.3572299999999995;3.59859;6.519829999999999;4.50398
70;0.0;2.35165;1.51003;2.00488;0.98225;2.03365;1.25216;0.18052999999999964;-0.14305999999999974;0.64337;2.0482199999999997;3.3576200000000003;2.42953;0.3297399999999999;0.7722;1.77134;-0.006110000000000001;-0.04169999999999996;1.49261;1.54635;1.1039899999999998
71;0.0;-0.21832999999999997;0.13772;0.7193799999999999;0.49693;0.6934400000000001;0.61551;0.35744;0.47452;-0.9975300000000002;0.00202;1.34129;0.38975000000000004;-0.40377;0.7985300000000001;0.63284;1.11361;0.7460600000000001;0.18783;0.10083999999999999;0.25506
72;0.0;0.92195;0.36802;-1.039;-0.35331;-1.02797;0.34407000000000004;-0.36646;-0.32313000000000003;1.88014;0.81162;0.4661700000000001;0.4988300000000001;-0.8220999999999999;0.008879999999999999;0.6787800000000002;-2.22361;-2.28739;-0.43205999999999994;0.47986000000000006;-0.30696
73;0.0;0.34351000000000004;0.26169;0.10101000000000004;0.36931;0.60478;0.00841;0.37729;0.02423;-0.6333;-0.14716;-0.34323;0.30023999999999995;0.22175999999999998;0.005619999999999958;-0.15299;-0.6775;-0.048360000000000014;0.19555999999999998;-0.2334;0.025009999999999977
74;0.0;0.6042700000000001;0.23319999999999996;0.56141;0.53974;0.47208000000000006;0.051929999999999976;0.84256;0.90715;-0.52739;0.48383999999999994;0.7084600000000001;0.6172199999999999;0.68018;0.74406;0.1265;0.9215800000000001;-0.01025;0.54274;0.8161300000000001;0.44493000000000005
75;0.0;2.3351100000000002;1.8635099999999998;0.8039699999999999;0.00961;2.85173;1.09753;6.57491;13.5949;3.1988600000000003;2.17389;1.3373400000000002;1.79956;9.43487;1.9426899999999998;1.8387499999999999;1.75508;3.1025699999999996;3.87014;9.91817;4.75302
76;0.0;2.2822899999999997;2.40049;1.38632;1.8707500000000001;-0.3517999999999999;1.81087;2.61214;1.89453;-1.07688;1.97403;2.15976;1.68867;2.4719700000000002;1.42247;0.01286;1.49509;1.42856;1.83662;2.42815;2.74726
77;0.0;-0.008240000000000025;-0.22515000000000002;-0.3468300000000001;0.04272999999999999;-0.57031;-0.24106;-0.27839;-0.64473;0.15524000000000004;-0.07837;0.30706;0.06872;-0.20306;-0.10365000000000002;-0.08001;-0.42505000000000004;-0.35718;-0.013909999999999992;0.029249999999999998;-0.36483
78;0.0;0.21240000000000014;-0.21558999999999995;0.34837000000000007;-0.6536599999999999;0.89263;-0.01896;-0.12078;-1.08094;0.8395800000000002;-0.24419000000000013;-0.7763500000000001;-0.017160000000000064;-0.5631900000000001;-1.01342;-0.16366999999999998;-0.29673000000000016;-0.024990000000000068;-0.5364300000000001;-0.7596699999999998;-1.5147300000000001
79;0.0;1.3580900000000002;0.7950299999999997;-0.16242;-0.27664999999999995;-0.01273;1.0498800000000001;4.70365;3.12685;1.9228999999999994;0.9058200000000003;0.4061699999999999;0.19277999999999995;3.1752700000000003;0.2606799999999998;0.6851399999999999;0.66235;1.6160099999999997;1.6842400000000004;0.30566000000000004;4.15281
80;0.0;0.9509;-0.0;-0.34045000000000014;-0.32137;-0.5803799999999999;-0.46839000000000003;0.31699;-0.37507999999999997;2.78155;0.61428;0.45277;-0.07300000000000006;0.55563;0.21202;-0.02916000000000002;-0.4288399999999999;-0.38164;-0.30357;-1.11544;0.25968
81;0.0;0.43735999999999997;0.0;0.48912;0.17667999999999998;0.7027699999999999;0.09916999999999998;1.0914;0.22186;-2.07078;0.2871;0.53785;1.15692;0.795;0.17066000000000003;1.49017;1.0107400000000002;0.9123800000000001;1.07394;2.07586;0.37222
82;0.0;4.060980000000001;2.9179;0.00846;2.6749799999999997;0.34641;2.9972;8.28336;7.57925;3.5910499999999996;3.67781;2.02583;2.11432;10.32162;3.67491;3.8649899999999997;4.12746;4.46237;7.16078;7.75548;6.7045200000000005
83;0.0;0.27528;0.34605;0.09234000000000003;0.46874000000000005;0.22152;0.43540999999999996;0.18087999999999999;0.35543;-1.4404599999999999;-0.8520699999999999;-1.22937;0.65933;-0.17053000000000001;0.48802999999999996;0.61136;0.03525;0.009460000000000024;0.23353;0.23447;0.1597
84;0.0;0.9079600000000001;0.23434999999999997;-0.014469999999999997;-1.03452;-2.36821;-0.55016;2.33664;2.81468;0.29254;0.7349600000000001;0.00668;0.21026999999999996;1.76162;0.47978000000000004;0.12439000000000006;1.14399;0.9252499999999999;-0.36174000000000006;-0.20017000000000018;1.53849
85;0.0;-1.07813;-1.8220100000000001;-1.51023;-1.59001;-1.2734999999999999;-1.8832;-1.02456;-1.56404;-4.90297;-2.1207599999999998;-1.62164;-1.6334;-1.71923;-1.59478;-1.85497;0.00763;-0.61476;-1.9516399999999998;-2.09377;-1.1624400000000001
86;0.0;-1.10758;-0.60934;0.12995999999999996;-0.2560000000000001;-0.47831;0.002869999999999928;-1.6513499999999999;0.12874999999999992;-0.30273000000000017;-0.00034;-0.022870000000000168;0.2403099999999999;-1.67379;-0.16924000000000006;0.02303999999999995;0.44633999999999996;-0.12970000000000015;-0.4297400000000001;0.3286800000000001;-1.0851000000000002
87;0.0;1.9417600000000002;1.2267799999999998;-0.13492000000000004;0.30143000000000003;-0.07697999999999999;1.13941;2.58706;8.60519;-0.011899999999999999;1.75325;1.5498200000000002;0.9804299999999999;4.725440000000001;1.7168999999999999;0.87633;2.10112;2.2949;1.62201;4.64013;3.5585000000000004
88;0.0;-0.3792200000000001;-0.5210600000000001;-0.65615;-0.41088;-0.59262;0.83656;1.83914;3.0459899999999998;1.24925;0.5433499999999999;0.48829999999999996;-0.5387000000000001;1.4956;-0.0613999999999999;0.04283999999999999;-0.08455999999999997;-0.49701;-0.79413;0.02561;0.37209000000000003
89;0.0;-0.7259600000000002;-0.23529999999999995;0.07594999999999996;0.5073;0.2932999999999999;0.08437999999999998;0.56379;0.36312999999999995;-1.21052;-1.02618;-0.37027999999999994;-0.018329999999999957;0.87229;-0.10209000000000001;0.07369000000000003;-0.19948999999999995;0.01139;-0.02896000000000004;-0.1175799999999999;0.1252199999999999
90;0.0;2.5125800000000003;1.3865500000000002;-0.00256;2.74772;-1.03419;3.65199;4.66598;8.312719999999999;-0.8806399999999996;1.38372;1.6243299999999998;0.55206;3.34249;2.10694;3.8744299999999994;1.6303800000000002;4.7404;2.2075400000000003;1.7524300000000002;2.0383000000000004
91;0.0;1.2982500000000003;1.1329500000000006;1.9586599999999996;0.16907000000000005;2.1479699999999995;0.7034300000000001;-0.02075;-0.49612999999999996;4.92316;2.1220500000000007;0.82904;1.3232099999999996;1.85973;2.64961;0.89487;1.6422600000000003;1.0877599999999998;0.7269300000000003;3.2539;-0.37392000000000003
92;0.0;1.6440500000000002;2.0361800000000003;1.42255;1.5413299999999999;1.41099;0.9773;0.049870000000000005;0.8249500000000001;0.5180799999999994;2.47232;1.73148;1.8906599999999998;0.88032;2.2144700000000004;2.0131799999999997;2.10344;2.37231;1.6945000000000001;1.83563;0.7552800000000001
93;0.0;-0.1387999999999998;-0.64501;-0.7824699999999999;-0.62078;-1.05722;-0.5494600000000001;0.91963;-0.68333;-3.4421600000000003;-0.7875000000000001;-0.8565699999999999;-1.0655000000000001;-0.37140999999999996;-0.73672;-1.0558899999999998;-0.9344400000000002;-0.8815199999999999;-0.8589100000000001;-0.00359;-0.28545000000000004
94;0.0;0.7618899999999997;0.4868100000000002;0.00237;2.1947;1.3155000000000001;3.1314599999999997;6.87249;9.23024;0.6608;1.5147700000000004;0.23703000000000007;0.64795;9.35398;0.08946999999999994;4.69848;1.00264;3.3417899999999996;6.6200399999999995;11.51051;4.85708
95;0.0;0.45472;0.0;2.52279;3.15294;4.7195100000000005;2.7008199999999998;14.45487;22.67646;-3.03425;0.22675;1.21023;-0.5154;19.50429;1.4574300000000002;4.80851;3.23061;5.13141;6.1297999999999995;8.78219;16.598370000000003
96;0.0;0.24382000000000004;0.0;1.4253200000000001;0.96725;1.51894;1.32733;0.19705000000000006;1.2079900000000001;0.48326;0.15489;0.36604000000000003;0.9024700000000001;0.14009000000000005;-0.12578;0.36873;0.39169000000000004;0.54876;0.97952;0.6179600000000001;0.057179999999999995
97;0.0;-0.75255;-1.4941;-1.95117;-1.7594;-2.31487;-0.9213099999999999;-0.5352399999999999;-1.33806;-3.44151;-2.01149;-2.89349;-2.1821;1.3403;-3.02269;-1.99361;-0.0024600000000000004;-2.02084;-2.6438800000000002;-1.9875700000000003;-1.44863
98;0.0;2.01728;1.1733599999999997;0.7933599999999998;0.02489000000000008;-0.9237600000000001;-0.01726;9.00718;14.776;4.42203;1.33386;0.8794500000000003;1.17591;11.15197;2.14028;1.4402;3.0170199999999996;2.0454600000000003;3.2667800000000002;2.7631399999999995;5.993900000000001
99;0.0;4.392510000000001;3.7819900000000004;0.58609;1.37581;-0.03639999999999999;0.8536400000000001;0.0037599999999999995;1.1981600000000001;0.4387599999999994;3.67539;2.57343;3.54641;0.6612199999999999;2.27901;4.83765;4.722160000000001;4.700810000000001;4.782839999999999;4.7417300000000004;0.9852100000000001
100;0.0;0.39266;0.11929000000000003;0.49446;0.3256;0.63114;0.11463;1.07337;0.69764;1.6556899999999999;0.0017100000000000001;0.93548;0.39623;0.72997;0.37555000000000005;0.7152099999999999;0.5306099999999999;0.40537999999999996;-0.024839999999999973;0.45592999999999995;0.34983
101;0.0;1.49591;2.11662;2.0875399999999997;1.9912800000000002;2.39026;2.3328100000000003;1.8112999999999997;2.50951;2.05587;1.9695;2.53872;2.4928;1.8946900000000002;2.33131;2.39668;0.001519999999999997;1.97064;1.93628;2.21991;2.03383
102;0.0;0.0;0.58961;0.7003100000000004;0.4823900000000003;-0.3044500000000001;0.39563999999999977;0.7463400000000002;1.0410100000000002;-0.3397899999999998;0.7048200000000002;0.3782899999999998;0.43586000000000036;0.6957800000000001;0.59562;0.78887;-0.1252200000000001;0.2703199999999999;0.79219;0.99183;0.27685000000000004
103;0.0;-0.10641;-0.07869;-0.44015000000000004;-0.5518299999999999;0.06748000000000001;-0.33638;-0.5228499999999999;0.01416;2.72987;-0.21517000000000003;-0.50341;-0.40206;-0.26514;-0.009250000000000001;0.23600000000000002;0.20453999999999994;-0.19457999999999992;-0.052180000000000004;0.17362999999999998;0.37705
104;0.0;2.11824;0.2430899999999998;-1.36979;0.021850000000000036;-1.59646;-0.24764999999999998;0.02146;1.69439;2.80857;1.08661;-1.0771700000000002;0.09755999999999987;-0.01473000000000002;0.7770300000000001;-0.1051000000000002;0.7772400000000002;0.41910000000000003;-0.5792800000000001;-0.44793000000000005;0.27104000000000017
105;0.0;-0.5388099999999999;-0.29608999999999996;0.058169999999999944;0.08628999999999998;0.18145;1.7371999999999999;0.03931000000000001;-0.42422;-0.90794;-0.9528599999999999;-1.26546;-0.05754999999999999;0.06545999999999996;0.007970000000000001;-0.37048;-1.75851;-1.3349199999999999;0.08993999999999996;-0.02134999999999998;0.060919999999999974
106;0.0;2.6662;0.18371000000000048;-0.39903999999999984;1.5117500000000001;-0.040919999999999845;1.4400300000000001;1.3700499999999998;-0.02676;-5.36575;1.59936;1.1508700000000003;1.72785;1.09245;2.73924;1.3002299999999996;2.29055;-0.9973099999999997;1.9107399999999997;1.30933;1.07587
107;0.0;0.0;-0.7064000000000001;1.8766500000000002;3.92729;4.8445800000000006;2.1072;3.69735;5.33137;-0.99053;0.61673;1.92417;1.6155300000000001;3.3017199999999995;3.73425;1.8155299999999999;1.51371;1.9790999999999999;2.04094;3.5513;11.62996
108;0.0;1.8090800000000002;1.32587;3.49877;0.7174400000000001;3.66239;1.74474;2.7235;5.25295;2.24238;0.5244500000000003;-0.56968;1.49945;2.5894700000000004;1.8704100000000001;0.46817;2.6756200000000003;0.35207999999999995;-1.23862;0.12702;2.2146999999999997
109;0.0;1.5909599999999995;0.6105800000000001;-0.01333;0.10762000000000005;-0.1307600000000001;1.11756;2.80661;8.07194;-0.7370000000000001;0.6485599999999998;0.56965;0.44126;2.8424;1.1656199999999999;0.24187000000000003;1.48314;1.95541;3.88802;6.577109999999999;1.9146900000000002
110;0.0;2.1766599999999996;1.3750600000000002;-0.00056;2.78416;0.20235000000000014;1.74699;3.73969;15.70326;6.57711;1.2730499999999998;1.63293;1.41266;9.612820000000001;1.2737100000000001;2.53046;3.32331;3.77371;3.04153;6.07492;2.62237
111;0.0;-0.18891999999999998;0.0;1.5300900000000002;1.0270699999999997;0.7382799999999999;-1.18897;12.570580000000001;11.002940000000002;2.0925199999999995;1.5073699999999999;1.3370600000000001;1.34727;20.289660000000005;1.6811799999999995;1.47466;2.7542600000000004;0.04711999999999961;1.0076299999999998;4.04698;14.3893
112;0.0;2.67366;1.73671;0.4281699999999997;0.01737;0.9013100000000001;0.49972;-0.02177999999999969;6.5143;6.8285399999999985;2.82897;3.05328;1.89181;4.11831;2.9630400000000003;2.11939;2.48773;1.9733899999999998;1.2519299999999998;1.9286100000000004;2.17749
113;0.0;3.45137;2.84737;1.4831500000000002;1.33267;1.46353;1.5151999999999999;-0.03064;0.19748999999999994;2.80617;2.8913199999999994;2.05302;2.4415899999999997;0.6980299999999999;1.7823699999999998;2.8139000000000003;3.4848799999999995;3.3186099999999996;2.36805;2.78594;0.7496800000000001
114;0.0;3.17802;2.8489199999999997;3.15687;2.73367;3.78866;2.2190399999999997;1.52474;5.85736;5.138669999999999;3.006;3.32816;2.7872000000000003;0.01914;1.0123199999999999;4.00669;1.2337300000000004;2.4544699999999997;4.26526;4.81058;1.8426
115;0.0;2.63049;2.2115499999999995;2.4568200000000004;1.1056500000000002;2.37537;0.99118;0.00349;1.4144700000000001;4.916300000000001;2.3562000000000003;1.4545399999999997;1.8441;1.35324;2.11073;1.7666800000000005;2.4840799999999996;2.6656099999999996;2.37996;2.70572;1.3279100000000001
116;0.0;0.16236000000000006;-0.0;2.33226;4.63113;6.35711;6.67783;15.6067;20.73657;0.6981299999999999;0.35888999999999993;1.93506;1.08832;14.71659;3.0113300000000005;6.59381;5.8163;6.12421;10.45785;15.23817;11.67542
117;0.0;0.61367;-0.25042000000000003;-1.92506;0.6365099999999999;1.1014599999999999;1.21686;8.94094;12.18227;0.65408;-0.00114;0.17887000000000008;-0.08999000000000001;1.2403399999999998;2.1799;1.8712199999999999;1.66605;0.9899899999999999;2.02453;4.701090000000001;3.90996
118;0.0;0.8041799999999997;0.22468;0.17577999999999983;1.25333;0.50792;1.55414;0.29747;-0.8151200000000001;2.74076;-0.35902;0.4500399999999998;-0.26021000000000005;1.4705300000000001;2.1631299999999998;0.92331;-1.5808099999999998;1.60813;-0.02116;-0.31001;0.15250000000000008
119;0.0;1.2591300000000003;1.26361;0.9786600000000001;0.003319999999999999;0.58401;0.29954;2.08177;6.2441;1.1264000000000003;1.4028300000000002;0.55647;0.8480500000000002;5.92;0.9884;0.9565100000000002;1.4233699999999998;1.3458299999999999;0.7658100000000001;2.2345299999999995;1.1703599999999998
120;0.0;1.42382;1.0822200000000002;0.00524;2.96505;1.45447;3.03107;7.645700000000001;18.03895;0.6420300000000001;1.0786600000000002;0.7820499999999999;0.6696;15.13776;1.2400900000000004;5.07582;2.40093;3.41318;4.98502;9.95541;8.688699999999999
121;0.0;1.6520300000000003;1.31646;0.48116000000000003;-0.007519999999999999;1.23187;1.71353;3.73206;2.5289900000000003;1.5262399999999996;1.4768700000000001;0.80951;0.95519;3.7435600000000004;1.7153399999999999;1.63229;1.80476;1.7062199999999998;1.7139300000000002;0.7414600000000002;1.4872800000000002
122;0.0;2.62589;2.51244;2.6677;2.20382;2.44813;1.70969;2.85323;2.8097899999999996;1.02745;1.6641299999999999;2.2239400000000002;2.3010099999999998;2.9537;2.68696;2.1755;2.7837999999999994;2.7736799999999997;-0.00125;1.7125400000000002;2.4269
123;0.0;0.4093899999999999;-0.0;1.0346199999999999;1.48652;0.47492;-0.45685999999999993;4.655340000000001;13.56854;-0.5543100000000001;-0.03644000000000003;0.09021999999999997;0.48017;6.25946;1.92876;1.5761;1.5726199999999997;0.34952000000000005;1.1037000000000001;3.6732499999999995;2.28205
124;0.0;1.6831299999999998;1.59071;-0.29384999999999994;0.040810000000000006;-0.85346;0.9105300000000001;3.09072;3.29237;-1.2094200000000006;2.00569;1.5200500000000003;1.21788;7.94048;1.13605;1.6882799999999998;2.13458;2.13987;3.56248;4.2051300000000005;6.06156
125;0.0;-0.06234999999999996;-0.5431;-1.22193;-0.48746;-0.95093;-0.38829;-0.36751999999999996;-0.49111;-2.20115;-0.22543000000000002;-1.44068;-0.00082;-0.33538;0.06967999999999999;-0.39732;-0.6693199999999999;-0.52536;-0.4716699999999999;-0.5197499999999999;-0.71465
126;0.0;0.04187999999999992;0.07521999999999995;-0.41217000000000004;0.08365999999999996;-0.877;-1.0129700000000001;0.4428700000000001;1.38143;-0.9477599999999999;0.71889;0.00022999999999999998;-0.26591000000000004;0.48423000000000016;-0.07528999999999997;-0.12201000000000001;0.07834;-0.02671000000000001;-0.34751999999999994;-0.22347000000000006;-0.4167700000000001
127;0.0;0.45606;0.17124000000000006;0.9208100000000004;0.40974;0.7919400000000003;-0.9832100000000001;0.4022700000000001;-1.0857599999999998;-0.4999500000000001;0.11107;-0.82653;0.39400999999999997;0.44550999999999985;0.09716000000000002;0.36873999999999996;0.5373399999999999;0.5117099999999999;-0.0002899999999999986;1.13077;0.43787
128;0.0;-1.20768;-0.21798;0.0314;0.30574999999999997;-0.04474;0.62778;-0.19293;-0.20895000000000008;0.25746;-0.6450699999999999;-0.56313;0.7731899999999999;-0.44249000000000005;-0.015290000000000026;0.6017399999999999;0.07564000000000004;0.12790999999999997;0.0021500000000000408;-0.05865000000000001;-0.15360000000000001
129;0.0;0.13397000000000014;0.1766399999999999;0.22243999999999975;-0.4012500000000001;-0.010900000000000132;-0.64211;-1.80547;0.22198000000000007;-0.00217;0.40866;0.30113999999999974;-0.28662999999999994;-1.0968300000000002;0.60025;0.3773500000000001;0.11459000000000019;-0.23024999999999984;0.26578999999999997;0.41647999999999996;-0.3420699999999999
130;0.0;1.1684100000000002;1.31906;0.7705000000000001;0.85831;0.80688;0.59568;1.6099;1.13172;0.47008;1.00901;1.0524099999999998;0.7745300000000002;1.7825900000000001;1.24869;0.8090799999999999;0.65503;-0.01169;0.98966;1.24922;1.6535200000000003
131;0.0;1.65531;0.7451400000000001;0.8333699999999999;-0.04483;1.17495;0.65583;1.74832;-0.35793;2.18065;2.4904;1.7674100000000001;0.6306499999999999;0.4832599999999999;1.45435;1.23365;1.9749799999999997;1.0990199999999999;0.58086;0.5308999999999999;0.8692000000000002
132;0.0;0.8195700000000006;0.5535200000000002;-0.1856;0.60909;-0.014520000000000002;0.96896;4.84582;4.68277;3.08558;0.9278499999999998;-0.4359600000000001;0.5240799999999997;6.4146;2.0189200000000005;2.3252999999999995;1.6401899999999996;2.16772;2.5313499999999998;0.9919100000000001;3.14443
133;0.0;-0.42144000000000004;-0.18472;0.13548;-0.35851000000000005;-0.005979999999999999;0.007600000000000051;-1.2375500000000001;-0.31296999999999997;-3.09879;0.4947;-0.03155999999999998;-0.24293999999999993;0.23188;0.25247;-0.46393;-0.7058300000000002;-1.06594;-0.09555;0.10652;0.0708399999999999
134;0.0;-1.0794599999999999;-1.03573;0.17013;-1.10166;0.03587999999999997;-0.98304;-0.7283799999999999;-1.59163;-1.0605200000000001;-0.87324;0.00026000000000000003;-0.58815;-1.48523;-0.76196;-0.9720099999999999;-0.74102;-0.5075900000000001;-1.27423;-1.68206;-1.18708
135;0.0;0.5740699999999999;-0.028360000000000163;-0.06494;0.22271000000000002;0.031349999999999996;0.08243;6.09027;6.64537;0.23780999999999963;0.7242700000000002;0.5324299999999997;0.15964999999999963;9.42052;-0.1522199999999998;0.8442699999999999;1.50041;1.01003;0.2648800000000002;2.4886699999999995;0.89185
136;0.0;0.7643200000000001;1.07111;0.48158999999999996;0.35673999999999995;-0.4146599999999999;0.04047;0.9191199999999999;-2.11014;1.6107399999999998;0.9984500000000001;0.7090700000000001;0.14834999999999976;-1.9915500000000002;-0.12123000000000017;0.98462;1.0807099999999998;0.8316400000000002;0.3837999999999999;0.42289999999999983;1.26499
137;0.0;0.0;0.003510000000000013;-4.56619;-3.1346800000000004;-4.6408000000000005;-1.305;-18.9596;-21.57718;0.11135000000000073;0.38758000000000004;-2.8468899999999997;-1.4395499999999999;-20.95358;-6.00662;-3.1821099999999998;-6.878;-2.3528700000000002;-3.1468499999999997;-3.5206799999999996;-16.92643
138;0.0;0.4756999999999998;0.32292999999999994;0.25915;-0.3639300000000001;1.97819;-0.50402;-0.7424299999999999;-0.02109;-0.73522;0.20783999999999958;-0.5981999999999998;0.6277600000000003;-0.9498299999999997;1.1161699999999999;-0.6256299999999997;1.1284899999999998;0.10292000000000012;0.042710000000000026;0.43713999999999986;-0.02527999999999997
139;0.0;1.18068;0.6907300000000001;0.9303600000000001;0.8402099999999999;2.92016;2.2623699999999998;14.898060000000001;17.166410000000003;1.0767799999999994;1.70563;0.00058;0.41817000000000004;11.11682;0.7885;1.21138;1.14872;1.59031;5.89469;6.88324;8.10604
140;0.0;-2.0761700000000003;-1.51009;-1.5813799999999998;-0.10424;-2.43708;-1.26582;-1.4874200000000002;-11.872250000000001;-0.9070899999999993;-2.69375;-2.3685199999999993;-1.2225000000000001;-7.509319999999999;-1.42876;-1.6195899999999999;-2.19378;-2.5789000000000004;-2.20032;-1.4336799999999998;-0.12812
141;0.0;-0.35986000000000007;0.35506;-1.42373;0.2756700000000001;-4.17474;0.28895000000000004;-4.95287;-5.08788;-7.16902;-1.44829;-2.65651;-0.90427;-5.4018299999999995;-1.96063;-1.29456;-0.00297;0.40526;-2.37649;-3.0876799999999998;-6.92571
142;0.0;2.7004499999999996;1.85934;0.97635;1.49551;1.00881;1.58923;-0.01756;0.07183000000000006;3.22555;2.0368400000000007;1.2890499999999998;1.9675799999999999;0.43973000000000007;2.2795299999999994;2.37752;1.9811700000000005;1.5851799999999998;1.03322;0.8159999999999998;1.4013900000000001
143;0.0;1.2931599999999994;0.84307;-0.6322399999999999;0.024310000000000002;-0.07101000000000002;0.82558;2.67012;9.42069;4.313110000000001;1.0781100000000001;0.9247100000000001;0.6862400000000002;5.45556;0.51755;0.9029699999999998;0.9116900000000001;1.0395399999999997;2.1123900000000004;4.84249;1.20324
144;0.0;-0.7876400000000001;-0.29564999999999997;-0.75125;0.3627699999999999;-0.97686;0.0697000000000001;0.18152000000000001;-1.04031;0.5001699999999998;-1.3313300000000001;-1.2696199999999997;-0.2743500000000001;0.35802;-0.54316;0.21882000000000001;-0.97323;-0.9477899999999999;-0.030610000000000026;-0.00569;-0.70392
145;0.0;-0.000520000000000076;-0.14332;0.13439;0.81438;0.38514;-0.07967000000000002;0.17371000000000003;1.04715;-4.8185199999999995;-0.1905;-0.29525;0.38564999999999994;0.17341;-0.47411;0.34453;-0.24997999999999998;0.040369999999999996;-0.21011000000000002;-0.51729;-0.62092
146;0.0;1.5166899999999999;0.41003999999999996;-0.03347;0.1068;0.13184000000000007;0.38243;0.6207499999999999;0.49566999999999994;4.09349;0.6511500000000001;0.6115099999999999;0.47577;0.27376999999999996;-0.74708;1.1108099999999999;0.6878199999999999;0.59447;-0.61638;0.05502;-0.10262000000000004
147;0.0;1.8639299999999999;1.2444000000000002;-0.4772399999999999;0.03711;-0.70996;1.0580500000000002;7.41118;6.327439999999999;2.55322;2.01703;1.7306;1.2437899999999997;9.07899;2.4555700000000003;1.5506799999999998;2.7175100000000003;2.32454;2.56443;3.0645100000000003;2.2851799999999995
148;0.0;-0.6352599999999997;-0.46525000000000016;0.5809700000000002;-0.19655;1.4732;0.9823500000000001;-0.5858300000000001;-1.4475600000000002;-1.63565;-0.7811300000000001;0.6064099999999999;-0.13104000000000005;-0.20768999999999993;-0.06626999999999983;-0.22409999999999997;-0.38558000000000003;-1.1454399999999998;-1.68829;-1.4573300000000002;-0.13890000000000002
149;0.0;0.0;-0.43039;-0.24398999999999998;0.013849999999999918;-0.20552;0.01364999999999994;-1.14659;-0.25675000000000003;-0.67878;0.54661;0.42418;0.002360000000000001;-0.41961;0.11848;-0.23171000000000003;-1.30161;-1.62231;-0.5268600000000001;-0.49133999999999994;-0.33026
150;0.0;0.6043900000000004;-0.009230000000000071;-0.2755200000000002;0.09426000000000001;-0.4133300000000002;-0.6067300000000001;0.5393300000000001;0.017;-1.77181;0.47384000000000004;-0.3392200000000001;-0.5192900000000003;0.32606999999999986;-0.0025800000000000267;0.08612999999999982;-0.8725400000000003;-1.73916;-1.17632;-1.7944099999999998;0.11819999999999986
151;0.0;0.3506;0.19162999999999997;0.4014699999999999;0.25112999999999996;-0.01215;-0.37098;5.69746;0.5883799999999999;0.046640000000000015;0.08416000000000068;-0.4650299999999996;-0.31494;9.69631;0.1748100000000008;-0.19602999999999993;0.1468499999999997;-0.2929599999999999;0.8964699999999999;4.11531;-0.9923700000000002
152;0.0;1.27191;0.40803;0.05362;1.58853;0.36570999999999987;0.34696000000000016;0.9978199999999999;1.19078;-0.27603;0.11634;0.58126;0.54816;0.66943;0.8421799999999999;-0.00119;0.6430699999999998;-0.036829999999999974;0.46231999999999995;0.27276;0.18415000000000004
153;0.0;0.51628;-0.27958;-0.19940000000000002;0.07418000000000002;-0.29162;0.3765200000000001;0.29195000000000004;0.8950800000000001;1.00203;-0.08228000000000002;0.6141300000000001;0.27301;0.33343;0.23259;0.008580000000000032;0.00187;-0.34801000000000004;-0.009780000000000011;-0.030449999999999977;0.48850000000000005
154;0.0;0.5281499999999999;0.16864999999999997;0.26668000000000003;0.6429099999999999;1.45543;0.9341700000000001;1.45743;1.25484;1.15149;0.45562;0.26664;0.9339099999999999;1.11045;0.37382999999999994;0.00786;0.43462999999999996;0.47799;0.20281;-0.050460000000000005;2.48367
155;0.0;0.0;0.5485000000000002;0.07157999999999998;-0.05245999999999995;-0.02849000000000057;-0.26446999999999976;-0.16468000000000016;-0.7668399999999997;-0.14563999999999933;0.5023300000000002;-0.2839400000000003;1.15699;-0.15723999999999982;1.1538000000000002;0.3044500000000001;0.8382700000000001;-0.06813000000000002;0.36178;0.07023000000000001;0.48095
156;0.0;0.0;0.1922299999999999;2.6017800000000006;4.470129999999999;3.80377;2.63482;4.24597;3.8963699999999992;4.3870000000000005;1.29303;1.0480400000000003;1.5342399999999996;3.9715999999999996;4.00973;3.6058499999999998;2.8066199999999997;4.66982;3.27567;3.4490399999999997;6.84682
157;0.0;4.223660000000001;3.36181;3.06334;2.3916;2.15956;2.0848500000000003;2.10893;-0.025570000000000002;2.7446900000000003;4.04936;3.50212;3.01985;3.06379;4.0348500000000005;3.4718899999999997;4.43789;4.76051;3.36552;3.6084600000000004;2.24249
158;0.0;0.9871;1.1487399999999999;0.20201999999999998;-0.12552000000000002;0.56831;0.017959999999999976;0.12458999999999998;0.22440000000000002;-1.41194;1.19758;0.69736;0.8145799999999999;0.21988000000000002;1.19968;0.67704;0.05386;0.21764;0.7320800000000001;0.8199000000000001;1.21874
159;0.0;0.0;-0.0024599999999999067;0.18245000000000022;0.23529;-0.4870199999999998;0.27829000000000004;0.09895999999999994;-1.4455;-0.50709;0.56916;0.4025699999999999;1.21889;1.8961599999999998;0.08367999999999998;0.18218;0.83178;0.08555000000000001;0.4047700000000001;0.13154;0.69808
160;0.0;0.5515499999999998;0.45192999999999994;-5.999999999994898e-05;-0.013100000000000002;0.16374000000000022;0.16572;0.91147;5.13911;6.70545;1.46327;-1.1850199999999997;0.42923;-0.29320999999999975;0.35275000000000034;0.10770000000000035;0.38386999999999993;1.0220100000000003;1.3808599999999998;2.77123;0.39305999999999974
161;0.0;0.5683799999999999;0.6642300000000001;-0.17093999999999987;-0.011049999999999999;-0.35868;0.49509;1.8537500000000002;2.22442;-3.25028;0.2565599999999999;-0.0015800000000001369;0.4392799999999999;2.00344;1.16017;1.36774;0.3356699999999999;1.6481000000000001;0.5561500000000001;1.3059;1.76815
162;0.0;-0.19772999999999996;-0.25397000000000003;-0.95624;0.18227000000000004;-1.02374;-0.47707000000000005;0.01484000000000002;-0.6951200000000001;-3.79343;-0.00021999999999999998;-0.59321;0.37363999999999997;-0.17545;0.29706;-0.5374899999999999;-0.36966;-0.27408;0.031549999999999995;0.37048;0.40786999999999995
163;0.0;-0.15844999999999976;-1.017;-0.6980900000000001;-0.60337;-0.6085000000000003;-0.6607500000000001;-0.7025;1.5214500000000002;-0.5527799999999994;0.01368999999999998;-0.7590599999999998;0.35424999999999995;0.0;-1.11981;-2.02336;-0.9512;-1.83669;-1.29751;-1.3937;-1.36793
164;0.0;1.4433700000000007;1.60102;1.0848499999999999;0.6819200000000001;0.6689699999999998;0.28193;-0.01686;3.83485;1.1377899999999999;2.38506;1.7959499999999995;2.09812;1.6063999999999998;1.66649;2.0064199999999994;1.4313200000000004;1.4889300000000008;1.3169900000000005;1.4811299999999998;0.36653999999999964
165;0.0;-0.0;-0.3022;0.058559999999999945;1.17293;0.61457;0.39413000000000004;0.9260099999999999;-0.6107400000000001;7.5281400000000005;-0.05174000000000001;0.24858999999999987;-1.13776;0.67461;-0.22712999999999994;0.90693;0.8714099999999999;-0.7180600000000001;0.71744;1.3385;0.6770499999999999
166;0.0;0.27279;-0.70167;-1.55861;-0.45804999999999996;-1.1287500000000001;-0.64144;1.0193599999999998;-0.01599;-3.3872999999999998;0.49048;0.00087;-0.44919;1.02969;0.00470000000000001;-0.5119;0.25179;-0.37209000000000003;-0.99888;-1.13149;-0.26133
167;0.0;-0.47492999999999985;-0.34729;-0.10043999999999986;-0.68501;-0.60574;-0.58143;-0.25278999999999996;-0.42015;0.00402;-0.1941600000000001;-0.19941999999999993;-0.43133;-0.2616299999999999;-0.38517999999999986;-0.15005000000000002;-0.20840000000000003;0.03452999999999995;-0.54928;-0.47457000000000005;-0.16683000000000003
168;0.0;1.62802;0.6460199999999999;-0.039980000000000016;-0.28024000000000004;-1.47804;0.10596999999999995;0.39609;0.8447600000000001;-2.71262;-0.04446;-0.0023;0.80061;0.5208699999999999;0.48895;0.08066999999999991;-0.025539999999999896;0.3775299999999999;0.74623;0.15674;0.542
169;0.0;1.0672199999999998;0.25498;-0.19228;0.66943;0.2760800000000001;0.11075000000000002;1.52213;-0.14653;3.0368700000000004;1.09897;0.4818300000000002;0.2711300000000001;1.36897;0.9060099999999998;0.43416999999999994;0.7918899999999999;0.55905;0.7402299999999999;0.7444099999999998;1.1923999999999997
170;0.0;-0.03476999999999997;-0.44957;-0.94096;-0.65115;-1.13739;-0.49345999999999995;-0.8619000000000001;-0.18018;0.21585;0.005599999999999938;-0.21328000000000003;-0.4439;-0.65199;-0.76173;-0.018770000000000002;-0.5672799999999999;-0.29494;-0.54129;-0.49916;-0.21379000000000004
171;0.0;0.29714999999999997;0.2667;0.25978999999999997;0.57986;0.5490900000000001;0.58332;0.56682;0.7826099999999999;0.15588000000000002;-0.29057;2.999999999999999e-05;0.30547;0.57236;0.3255;0.4478199999999999;0.44178999999999996;-0.04615999999999998;0.47919999999999996;0.38267;0.35263
172;0.0;-0.16993000000000014;-0.12636000000000003;0.00010000000000000002;0.22346999999999995;-0.68726;0.1800799999999999;-0.37143;0.7922800000000001;2.23481;-0.27564999999999995;-0.11194000000000015;0.18988000000000005;-0.47978000000000004;-0.7038000000000001;-0.29152;-0.98272;-1.1288;-0.9388500000000001;-0.31137;0.52651
173;0.0;2.08464;0.71797;-1.0702800000000001;2.57003;0.95607;2.77982;8.93655;6.8531699999999995;1.5559600000000002;0.96436;-0.00098;0.58846;6.36101;1.94133;2.35924;2.40882;3.64126;3.86824;5.1857299999999995;4.4528
174;0.0;-0.36104;-0.14770999999999998;-0.18596999999999997;0.13751999999999998;0.00103;-0.24875000000000003;-0.15718;-0.06919;-1.1037;-0.36295;0.035320000000000004;-0.19423;-0.018019999999999994;-0.18877;-0.13638;-0.12834000000000007;-0.18256;-0.03617999999999999;-0.14430000000000004;-0.07969000000000004
175;0.0;-0.96089;-0.68208;-0.76169;-0.15850999999999998;-0.65879;-0.25379;0.020409999999999998;-1.96639;-5.61032;-1.6228900000000002;-1.11591;-0.9389399999999999;-1.0808200000000001;-0.7725;-0.61834;-0.7678400000000001;-0.6383100000000002;-0.54602;-0.8791599999999999;-0.5375700000000001
176;0.0;1.2650799999999998;0.83195;-0.00406;1.68287;0.65298;1.95601;12.24817;21.99834;0.8433400000000004;1.3590600000000002;1.7638300000000002;0.6684200000000002;11.790579999999999;3.3479100000000006;3.62714;1.1700500000000003;1.88958;5.572;8.01048;10.33584
177;0.0;0.4372099999999999;0.0;1.87223;4.14658;2.44375;2.00284;3.8943399999999997;4.67173;2.98902;0.47197999999999996;0.8843700000000001;1.42767;7.13251;3.3738;2.6634;4.1770499999999995;2.4752600000000005;2.93493;3.10396;11.24028
178;0.0;0.0;0.018710000000000004;-0.41145999999999994;0.09777999999999998;-0.3205999999999999;-0.027569999999999872;-0.2358;-0.11016000000000004;-0.7112599999999998;0.12982000000000005;0.6081;0.04446;-0.21191000000000004;0.24230999999999991;0.3421099999999999;0.04036000000000006;0.01102000000000003;-0.04041000000000006;0.033970000000000056;0.03832000000000002
179;0.0;-0.60957;-0.4560200000000001;-0.00713;0.37757999999999997;-0.14135999999999999;0.62281;2.38246;1.9685899999999998;0.7731700000000004;-0.32743999999999995;0.01880000000000004;-0.25966;1.59605;-1.30328;-1.3144399999999998;-1.2787799999999998;0.14734;-0.023009999999999975;-0.45772;0.7350800000000001
180;0.0;1.4720300000000002;1.1329600000000002;1.61935;-0.03519;2.53825;1.10862;5.18032;10.4511;3.03097;1.1390699999999998;1.9331900000000002;0.92639;4.30213;1.5474499999999995;2.11049;1.5692399999999997;1.7656100000000001;3.5284799999999996;5.61163;0.7408099999999997
181;0.0;-0.41576;-0.59072;-1.35702;-0.42777;-1.38718;-0.6743700000000001;-0.67206;-0.44137000000000004;-0.6110599999999997;-0.57734;-0.03846;-0.22874;-0.60749;0.6484099999999999;-0.32238;0.021199999999999997;-0.33541000000000004;-0.41930999999999985;-0.64578;-0.36208
182;0.0;-0.23707;0.0;-0.08926999999999996;-0.13572999999999996;0.022809999999999997;0.32824;-0.85363;-0.22536;-0.6603300000000001;-0.54541;-0.0024100000000000232;0.19258999999999993;-0.57265;0.12191000000000007;-0.03027000000000002;0.04444999999999999;0.020210000000000006;-0.22339;-0.17319;-0.11356
183;0.0;0.02700999999999998;-0.27317;0.67959;3.10785;4.00837;1.3417;3.9951600000000003;-0.79305;1.3657700000000002;-0.0013500000000000005;0.0756;0.3431;5.7719;-0.44645;-0.6001800000000002;0.1602199999999998;2.10485;-0.7839100000000001;0.49916;4.164129999999999
184;0.0;2.2813999999999997;2.72652;1.51752;-0.00568;0.79298;0.8616300000000001;3.78252;9.72018;3.86541;3.22747;1.5739899999999998;1.77331;9.00254;2.0205599999999997;1.6431900000000002;2.8366800000000003;2.80217;4.20865;8.88462;2.4815
185;0.0;0.17905;-0.051449999999999996;-0.57016;-0.13363999999999998;-0.5773000000000001;-0.26952;0.14541000000000004;-0.12463999999999986;0.5310700000000006;0.52857;0.00114;0.29388000000000003;0.16425;-0.5363299999999999;-0.27317;0.37697;0.09116000000000002;0.042910000000000004;0.2057199999999999;0.19419
186;0.0;1.0477400000000001;-0.35235000000000005;0.0006700000000000594;-0.33562;0.01022;0.47392999999999996;0.47587000000000007;0.80952;1.8452600000000001;0.37002;0.06559999999999999;0.87216;0.513;-0.46674999999999994;-0.14341;0.94791;1.0585;-0.3772;-0.42688000000000004;-0.17370000000000002
187;0.0;3.6485000000000003;2.38536;3.1185;2.3852;3.52047;2.9281800000000002;1.21108;0.004529999999999999;1.5852500000000003;2.1947;3.0250399999999997;2.59072;2.17727;2.7677600000000004;2.98709;4.26114;3.90601;2.40805;2.54801;2.04589
188;0.0;1.98319;0.18995000000000006;-0.14422000000000001;0.5782900000000001;0.30186;0.90114;2.82364;-0.47433000000000003;5.182300000000001;0.018909999999999982;0.14663999999999988;0.8838100000000001;-0.23185;0.43625;-0.08360999999999996;0.9125999999999999;-0.1264099999999999;0.01855;-0.11180999999999999;0.8138499999999999
189;0.0;0.5622199999999999;0.6896800000000001;-0.09803000000000006;0.32289;-0.33008000000000015;0.41012;0.34400000000000003;0.32316;0.37392000000000003;-0.40471999999999997;-0.8385800000000001;-0.33094999999999997;0.45209;0.42749000000000004;0.5062500000000001;2.14914;0.55278;0.036669999999999994;0.10909000000000002;-0.72008
190;0.0;3.7825100000000003;0.63884;0.80112;0.05766000000000002;0.53405;0.0015300000000000001;0.37188;0.4708;0.13603999999999994;0.53992;-0.03083999999999998;0.36818;0.32735000000000003;-0.014399999999999996;0.68926;1.2438500000000001;1.1582700000000001;0.65306;0.72284;-0.038589999999999985
191;0.0;0.0;-1.86365;-2.62232;-2.91437;-3.2343;-2.65989;-3.56791;-3.3413500000000003;-1.43101;-1.84575;-2.4164;-2.7095499999999997;-3.0401999999999996;-2.2990299999999997;-2.36744;-1.8956800000000003;-2.40874;-2.22006;-1.97321;-1.9860699999999998
