WT residue type,chain ID,Residue #,G,A,V,L,I,M,F,W,P,S,T,C,Y,N,Q,D,E,K,R,H
E,B,145,1.86244,1.50066,2.92347,1.31125,3.12702,1.77686,1.53998,1.82814,2.13144,3.07028,3.76014,3.02422,2.59918,1.30299,1.98348,1.30301,-0.0,1.98141,1.92094,1.34569
I,B,146,-1.20813,-0.46454,-0.28302,0.07036,0.00069,0.49904,-0.17377,-0.42022,1.75035,-0.99314,-1.03799,0.82636,-0.0645,-2.16906,-0.18153,-1.36641,-1.26499,-0.0976,0.07497,-0.74452
W,B,147,0.61946,0.17051,0.59622,0.10569,0.31679,-0.06646,0.16148,0.0,1.13855,-0.14004,-0.17657,0.86609,0.18725,0.41181,-0.10565,0.21103,0.03854,-0.01742,-0.08062,0.45744
I,B,148,1.64706,0.51318,0.33485,-0.28872,-0.0219,-0.78053,0.52154,-0.12975,-0.23673,0.93048,1.06261,1.14621,0.62681,1.0264,0.12935,1.35388,0.45809,0.1984,0.56754,0.60559
A,B,149,1.17064,-0.0,1.64431,0.03622,2.27754,-0.80913,3.98688,2.98315,4.23619,0.45379,3.64823,0.83094,0.42527,1.97644,1.24288,3.1793,1.0552,1.54167,1.61212,6.05146
Q,B,150,0.99841,0.10896,0.21363,-0.61704,-0.40499,-0.6538,-0.90932,-0.42734,3.11251,0.54547,0.6139,1.02509,-0.7585,0.6227,-0.05168,0.18409,-0.31814,-0.24652,0.04876,0.25474
E,B,151,1.48214,0.44611,0.82144,0.00695,-0.12016,-0.35735,-0.11617,-0.51837,1.07534,0.60171,0.85128,1.17116,-0.16872,0.81427,0.42334,1.23081,0.0,0.43355,0.34449,1.21758
L,B,152,5.44183,3.34969,5.09816,-0.1494,3.78153,0.26632,8.18092,13.15766,6.26745,4.29618,4.20526,3.6268,12.96228,3.25341,3.81776,5.59187,4.68089,4.3984,5.21426,7.62158
R,B,153,1.01384,-0.01337,0.46158,-1.45726,0.47459,-1.54444,-0.25462,0.53875,6.43123,0.73734,0.41896,0.10074,0.05903,0.06289,0.23831,1.18437,0.06903,-0.39774,-0.01112,0.34743
R,B,154,1.00827,-0.0306,-0.04802,-0.61778,-0.76749,-0.73089,-0.23982,-0.51511,4.36176,0.26038,0.92131,0.66967,-0.64463,0.43766,-0.2891,0.73246,0.10334,-0.31684,0.0,0.52991
I,B,155,3.6477,2.11786,0.48209,-0.3487,0.00602,-0.29369,1.04467,1.86461,6.12888,2.7964,2.34692,2.45384,2.86455,2.01934,1.60946,4.08731,3.41798,1.78551,1.44159,2.75082
G,B,156,0.0,0.681,-1.09883,-1.07996,-1.6848,-1.91165,-2.07237,1.19875,4.99882,0.86971,-0.37194,0.95793,-2.11681,1.42976,0.34348,2.5524,0.27263,1.4217,1.17242,6.69346
D,B,157,0.48657,-0.19572,-0.54929,-1.72648,-1.1573,-1.83134,-0.51199,-0.62245,3.25828,-0.39917,-0.72207,-0.24403,-0.54766,-0.30994,-0.22781,-0.0,0.41463,-0.49559,-0.29632,0.12257
E,B,158,1.2725,0.43163,1.0156,-0.7296,0.29493,-0.82132,-0.12683,-0.49678,7.75978,1.16995,1.1389,1.47649,-0.05997,0.85135,0.062,0.40822,-0.0019,0.8227,0.34302,0.28457
F,B,159,4.15897,2.76578,1.55795,0.10198,1.3163,0.42221,-0.00842,0.8981,6.18423,3.94278,3.21103,2.62354,0.51373,2.75304,1.92757,4.5213,3.50818,1.51217,1.2961,1.59102
N,B,160,0.33698,-0.42022,0.31781,-1.14499,0.11773,-1.22136,-1.22449,-1.72732,6.1571,1.16018,0.5617,0.54278,-1.0024,-0.02686,0.1476,1.72443,0.07699,-0.76782,-0.60301,0.47671
A,B,161,-0.91378,0.0,-0.15638,-0.68386,-0.29688,-0.68925,-0.2616,0.20369,1.77046,-0.29957,-0.09508,-0.31134,-0.18061,-1.16582,-1.22115,1.61421,0.60029,-1.05826,-1.24385,-1.45571
Y,B,162,1.30092,0.65437,1.88197,-0.0665,1.8906,-0.5251,0.085,-0.56117,5.46354,0.29685,1.37935,0.57005,-0.03399,0.93576,0.46859,1.77137,1.29476,0.06445,-0.22216,0.85852
Y,B,163,2.8081,2.63817,2.24064,0.23937,1.3132,0.45535,0.23956,1.15053,6.62425,2.78164,2.27816,3.42152,0.0,2.11509,2.04067,4.00493,3.48039,0.99509,0.46582,1.6434
A,B,164,-0.6117,-0.0,1.16072,0.8903,0.93792,-0.17313,0.31767,0.50593,3.48461,-0.45368,0.49645,-0.18523,0.34895,0.69062,0.26788,1.09256,1.26403,0.13285,-0.34099,1.34758
M,A,1,-0.59402,-0.27543,0.14964,0.18545,0.25074,0.00264,0.08639,0.09196,0.27355,-0.14954,0.00246,-0.05054,0.09191,0.02504,-0.11285,0.08852,0.078,-0.14315,-0.33051,0.16597
D,A,2,0.66885,0.53101,0.73655,0.28309,0.41809,0.35462,0.18319,0.27732,0.14999,0.71905,0.6693,0.81764,0.22465,0.60579,0.48197,-0.01326,0.31063,0.39985,0.47107,0.71729
G,A,3,0.0,-0.18598,0.25192,-0.00131,0.23978,0.02599,0.09007,0.21703,0.66292,-0.23472,-0.20343,0.24361,0.08175,-0.51671,-0.68827,0.17482,0.05421,-0.52902,-0.35459,-0.25232
S,A,4,-0.00711,-0.16853,0.79593,0.26441,0.65774,0.34879,0.28693,0.22009,0.07236,-0.00017,0.45408,0.31019,0.28735,0.20964,0.26075,0.12499,0.11448,0.08434,0.08296,0.33817
G,A,5,0.0,-0.24183,1.39442,-0.58765,0.80152,-0.74902,-0.7419,-0.2965,3.86365,-0.35006,1.06943,0.15754,-0.64172,-0.07624,0.14169,0.94335,0.31607,-0.36502,-0.14646,0.30332
E,A,6,0.91635,0.72964,0.58591,0.5227,0.54126,0.25768,0.27487,0.1636,0.36929,0.83869,0.52494,0.6777,0.33466,0.63905,0.26822,0.53147,-0.01876,0.53505,0.70942,0.81215
Q,A,7,0.67518,0.28356,0.26145,-0.04477,0.24171,0.10154,-0.02965,0.50507,3.007,-0.11514,0.42282,0.37197,-0.13752,0.32633,0.00112,0.79968,0.73397,-0.09127,-0.05445,0.64317
P,A,8,0.29656,0.43213,0.34701,0.2263,0.39084,0.30132,0.20549,0.10385,0.0003,0.51273,0.28113,2.27393,0.2261,0.14648,0.33515,-0.04817,0.05671,0.23563,0.36912,0.27634
R,A,9,0.92193,2.20726,2.45021,1.87964,2.24788,1.7449,1.74598,1.73588,3.63614,1.87102,2.18508,1.79716,1.77393,1.79487,1.77877,0.02303,1.79584,1.74051,-0.00166,1.84801
G,A,10,0.0,2.15852,2.57469,0.79326,1.15209,1.95976,1.79932,0.97538,4.02639,0.78303,2.72763,2.21894,2.11793,0.82157,0.90521,0.62916,2.13918,0.87965,0.95002,1.13186
G,A,11,0.0,1.8746,0.13123,1.84042,-0.54833,-0.56079,0.1357,-0.12818,1.33748,-0.02454,0.63713,0.00562,0.15724,-0.00357,-0.14755,-0.27594,-0.07116,-0.50668,-0.35501,0.62662
G,A,12,0.0,-1.56133,-1.23765,-1.46945,-1.2925,-1.67937,-1.72555,-1.58891,0.44649,-1.43381,-1.40193,-1.66892,-1.55606,-1.48449,-1.46302,-1.5207,-1.47953,-1.55746,-1.69957,-1.59784
P,A,13,0.8039,0.88571,1.16023,0.92489,0.89067,0.78193,0.62974,0.9672,0.00574,0.78218,1.13457,1.06159,0.78384,0.90869,0.62019,0.8917,0.57044,0.80078,0.83075,0.98208
T,A,14,0.33998,0.35246,0.33055,0.1553,0.17057,0.04279,0.16298,-0.0113,-0.60097,0.27973,0.0001,0.2519,0.02676,-0.1112,0.01902,-0.42468,-0.29762,-0.24522,-0.08307,0.37498
S,A,15,0.3908,0.25949,-0.1525,-1.1019,-0.89547,-0.89119,-0.81175,-0.406,0.90089,-0.00053,0.02232,-0.0761,-0.79316,-0.53982,-0.50228,0.28417,-0.19436,-0.65847,-0.35983,-0.54456
S,A,16,0.08471,0.30157,0.93052,-0.09895,0.33371,0.38098,-0.51032,-0.21581,0.5111,-0.00502,-0.13942,0.31401,0.62271,0.70784,-0.0073,0.04673,-0.09669,0.13798,0.22666,0.79919
E,A,17,0.149,0.31737,0.43252,-0.22421,-0.15959,-0.90723,-0.33161,0.30288,0.1159,0.00525,-0.00673,0.75259,0.13603,0.14061,0.34592,-0.26916,-0.01134,0.19277,0.31915,0.96249
Q,A,18,0.55091,0.04807,0.55745,-0.05699,0.03393,-0.32392,-0.2136,-0.67809,1.00615,0.84684,0.89599,0.97538,-0.11323,0.6445,0.00242,0.02224,-0.46046,-0.21419,-0.05917,0.67802
I,A,19,3.21981,2.05829,0.75155,0.29094,-0.00169,0.40738,3.69545,5.14823,5.3444,2.55701,1.28022,2.36366,4.63086,2.27674,2.93058,3.88698,3.15771,2.8782,3.66671,4.33884
M,A,20,4.18956,3.01581,2.51809,0.97668,2.03846,-0.05539,6.31877,9.2389,5.74718,3.53752,3.21153,3.10347,12.73394,2.86972,2.23965,3.95969,3.89477,4.90643,3.7845,6.95875
K,A,21,1.96017,0.7539,1.90002,-0.75915,1.59083,-1.32325,-0.85476,-0.22335,4.51824,2.02191,2.19216,1.21424,-0.72582,1.46127,0.33056,1.84397,0.54042,-0.00146,0.22915,0.35672
T,A,22,1.28603,0.03683,-0.8732,-1.64109,-1.57872,-1.75999,-1.29896,-0.84202,4.12913,-0.60754,0.00631,0.13271,-0.37819,0.8366,0.16083,1.20586,0.59912,-0.67802,-0.04986,0.7058
G,A,23,-0.0,-1.93862,-1.00612,-0.54176,-0.81074,-2.65767,-2.35375,0.28214,3.05253,-0.30015,-0.70098,-0.7178,-0.32877,0.6372,1.20347,1.83276,1.51875,0.61203,0.51895,3.40845
A,A,24,1.72264,0.0,1.59983,5.11284,6.09556,4.60139,11.80398,22.05176,0.05794,1.01353,1.0985,1.34525,15.11254,5.43381,5.8464,6.72959,6.83968,8.72989,12.53686,11.33345
L,A,25,3.48368,1.77426,3.4997,-0.01387,2.57227,0.28789,5.61381,7.74406,7.23362,2.18094,2.29348,2.30247,7.43026,3.05935,1.7564,3.95501,3.32385,1.57173,1.48963,3.77556
L,A,26,4.35706,3.02197,1.77737,-0.06381,0.42705,-0.33739,2.50791,0.96917,6.90202,3.3307,3.04802,2.94337,4.72882,2.77548,2.197,4.04524,2.99561,2.55862,2.4389,2.78405
L,A,27,3.15559,1.93779,1.9172,-0.0078,0.34382,-0.27145,-0.52789,-1.4387,4.51091,2.25253,1.66459,1.95667,-0.42979,1.8009,1.84842,2.99719,2.0687,1.85879,1.47654,2.13724
Q,A,28,0.33811,-0.81743,-0.58027,-0.40493,0.59628,-2.48216,-2.87947,-1.49922,3.09293,0.65709,0.58336,-0.08383,-1.94281,0.64094,-0.05393,2.13996,1.42026,-0.53397,-0.57346,-0.05718
G,A,29,-0.0,-0.94858,-1.13743,-2.73693,-1.67435,-3.26021,-3.90105,-1.63921,2.42602,-0.70778,-1.75472,-0.80554,-1.58671,-0.5678,-1.25025,0.85053,-0.23412,-1.06138,-1.56356,-1.51795
F,A,30,3.1516,1.98325,1.06073,-0.45605,0.12508,-0.15673,-0.01309,2.57871,3.00886,2.16883,1.38957,2.29366,0.45036,1.77837,1.83335,2.56253,2.33599,2.50961,2.53767,2.45802
I,A,31,2.61207,1.90023,1.21008,-0.21505,-0.00435,-0.47837,-1.00542,0.43721,4.39136,2.19181,1.37452,2.30188,-0.32529,2.27484,1.19201,2.76545,1.8061,0.80519,0.55314,1.38118
Q,A,32,1.33106,0.61439,0.75583,-0.41871,-0.15922,-0.60298,0.66204,0.52355,4.7395,0.89148,0.81343,1.26069,0.71817,0.56945,-0.02377,1.45073,0.83541,-0.47844,-1.76401,1.00238
D,A,33,0.89359,-0.13527,0.51404,-0.97455,-0.44359,-1.35534,-0.47417,-0.1976,1.57329,0.15712,0.63922,0.46428,-0.28429,-0.59009,-0.02775,-0.0026,-0.12136,-0.42046,-0.50994,0.09241
R,A,34,2.05425,1.27952,-0.33764,-0.67444,-1.66644,-2.1726,-0.82416,-1.16645,3.18804,1.1834,0.74174,0.27883,-1.13112,0.74289,0.24499,2.27844,1.57032,-0.05294,-0.0,1.28421
A,A,35,1.13015,-0.0,0.74341,-0.83404,0.74185,-1.36559,-0.69405,0.5046,5.85288,0.7528,1.12676,0.6239,-0.37192,0.86351,-0.02868,1.52235,0.44548,-0.44792,-0.59955,1.16437
G,A,36,0.0,-0.36529,0.74153,-0.72204,0.47377,-0.37609,-0.38135,-0.12293,1.82134,-0.66075,0.16322,-0.09474,-0.12977,0.09938,-0.40023,0.20051,-0.21471,-0.90441,-0.73196,0.44177
R,A,37,1.00925,0.70753,0.9596,0.12345,-0.00288,-0.70525,0.32587,0.76206,2.26474,0.3279,0.77985,0.1139,0.82627,0.27344,-0.13349,1.26935,0.88852,-0.11384,-0.00892,0.57067
M,A,38,1.42476,1.5199,1.46523,0.07431,1.1205,-0.04952,-0.68413,1.49849,2.52479,0.79278,0.24676,1.16434,-1.08603,1.02241,1.84905,2.86041,2.47774,1.18543,0.71797,1.22036
G,A,39,0.0,2.05052,3.65522,2.21044,3.44204,2.10696,1.74293,2.15326,4.09687,2.15386,3.3662,2.12224,2.16847,2.17997,1.65475,2.2917,2.2108,1.61654,1.31071,2.2743
G,A,40,0.0,3.87232,4.40371,3.34773,3.99496,3.35414,2.75294,3.25254,4.71344,3.55615,4.64926,3.40655,3.2058,3.00245,3.45933,3.09492,4.00186,3.25815,2.64978,3.41984
E,A,41,-2.09046,-1.90685,0.31834,-1.78067,0.28647,-0.07908,-1.92949,-0.07186,-0.22916,-2.36563,-0.06498,-0.25358,-1.89741,-2.38374,-2.22529,-1.90128,-0.00763,-0.79204,-0.88457,-1.94671
A,A,42,0.24875,0.0,1.12451,0.68401,1.06153,0.22725,-0.76871,0.6884,2.75998,0.99772,1.14207,0.90211,-1.04887,0.8765,0.83257,-0.15985,0.95019,0.63164,0.60297,0.93693
P,A,43,0.28758,0.44219,0.87734,0.05509,0.79007,0.0494,-0.03817,0.0231,-0.00015,0.56552,0.5784,2.33929,-0.19808,0.23881,0.19798,0.36945,0.04165,-0.34401,-0.56998,0.27479
E,A,44,0.19206,0.22531,0.36626,-0.02088,0.18306,-0.05053,-0.10183,-0.16348,0.00498,0.02717,0.19286,0.27888,-0.03883,0.06968,-0.24839,0.19624,-0.00233,-0.19609,-0.24546,0.03702
L,A,45,-0.12564,1.65358,1.90069,-5e-05,0.19919,1.4463,1.23762,0.84286,2.04124,0.26039,1.8753,1.73011,1.42679,0.0977,-0.48392,1.60526,0.26338,1.32715,0.9416,-0.23314
A,A,46,-2.96972,0.0,0.90689,-0.52684,0.54056,-0.85681,-1.94018,-0.77135,2.77691,-0.53656,-0.9799,-0.40168,-1.33095,-2.09189,-0.47084,-0.05731,0.2287,-0.98214,-1.08044,-0.3431
L,A,47,-0.08195,0.38645,0.30026,-0.00143,0.02495,-0.27418,-0.27881,0.01316,1.62305,0.20133,-0.05943,0.18767,-0.15846,-0.55513,-0.2568,0.65218,0.41677,-0.54796,-1.38256,-0.40042
D,A,48,1.65928,0.81257,0.26944,-0.31555,-0.01582,-0.8089,-1.02553,-1.1963,1.78683,0.86479,0.26572,0.02867,-0.86475,-0.05063,0.11779,-0.00012,0.17775,-0.45307,-0.66812,-0.26706
P,A,49,1.25153,1.69999,2.20078,1.31229,2.41914,0.83213,1.31723,1.55718,-0.00817,1.67104,2.44002,1.9739,1.36011,1.62322,1.56929,1.77209,1.91152,0.81055,0.41463,1.8207
V,A,50,-1.05317,0.02258,-6e-05,-0.44828,0.08499,-0.48981,-0.38819,-0.12839,4.43086,0.45331,1.03613,-0.05049,-0.28095,-0.51907,-0.87616,0.80357,0.20028,-0.74581,-1.0442,-0.50871
P,A,51,2.89246,1.63145,1.21306,-0.14054,0.82552,0.42022,0.09477,1.967,-0.00276,2.03615,1.33929,1.45782,0.53193,0.32841,1.68362,2.03595,1.96974,0.84371,0.90023,2.11471
Q,A,52,1.13327,0.83271,1.27153,0.28887,0.45368,0.33614,0.44369,0.68549,0.91698,0.84434,0.89039,1.19872,0.4337,0.75914,-0.0079,0.47152,0.19233,0.03212,-0.1491,0.36526
D,A,53,4.56542,3.76149,3.30085,3.24977,3.02668,2.79652,2.77535,3.04184,4.92915,3.65981,3.41174,3.4089,2.08853,3.18358,3.44856,-0.01872,3.2018,3.4154,3.33386,3.94544
A,A,54,-0.41551,0.0,0.16388,-0.86867,0.04471,-0.5466,-0.92736,-0.10071,-0.24252,-0.60718,-0.4902,-0.20175,-0.82551,-0.71925,-0.41673,-0.49859,-0.2967,-0.76303,-0.45112,-0.32869
S,A,55,-0.2203,-0.71643,-0.69229,-2.04945,-1.01283,-2.70023,-2.84573,-1.57511,2.35163,-0.00023,-0.63311,-0.30656,-1.57706,-0.15764,-1.59952,0.0459,-0.74041,-1.54088,-1.16998,-1.01839
T,A,56,2.87989,1.34275,-0.17525,0.16201,-0.89744,-0.92353,-1.09438,0.8832,0.4599,0.96565,-0.00262,1.34229,0.05626,0.61982,1.97238,4.46104,3.17922,1.05211,1.77319,0.2245
K,A,57,0.76664,0.09495,0.83674,-0.10673,0.33099,-0.24792,0.30102,0.22428,1.74296,0.60248,0.28876,0.9653,0.28652,0.57399,0.02557,0.74817,0.5043,-0.02549,-0.01376,0.9013
K,A,58,1.65475,0.85623,1.00981,0.05461,0.38,-0.98346,-0.11267,-0.82269,3.25661,0.86832,0.78149,1.4616,0.03374,0.63316,0.48702,1.41829,0.96167,-0.01678,0.427,0.66885
L,A,59,4.81302,3.21293,1.50141,-0.02831,0.66983,0.07944,1.35068,1.64999,6.19454,4.55582,3.3966,3.35658,1.3974,2.9516,2.99662,4.58684,3.88341,1.00183,2.48832,3.46005
S,A,60,1.06578,-0.20843,-0.84849,-1.30198,-1.8318,-1.60491,3.32619,4.29591,3.61453,-0.00054,-0.69508,0.0958,0.40832,0.27041,0.36924,1.9979,1.4211,-0.86478,-0.38524,2.65174
E,A,61,0.757,0.19561,0.30829,-0.66648,-0.32542,-0.14207,-0.85779,-0.1948,6.53329,0.69313,0.64878,0.46779,-1.20595,0.4058,0.03695,0.59946,-0.00938,-0.33399,-0.06543,0.41867
C,A,62,1.69491,0.57268,0.06625,-0.72736,-0.92899,-0.89571,-0.69281,-0.49266,1.19558,0.98124,0.26536,0.00012,-0.07514,0.13282,0.0577,0.9748,0.38979,-0.0464,0.16518,0.32206
L,A,63,3.74452,2.6006,2.63562,-0.00347,1.39946,-0.30106,-0.85546,-1.73289,5.09527,2.70876,2.88224,2.89441,-0.26059,2.58987,1.59329,3.22518,2.22948,1.54547,2.20014,1.61568
K,A,64,1.58387,0.52876,0.16065,-1.07093,-0.25104,-0.22615,-0.36801,0.06288,6.78898,0.73909,0.48093,0.85646,0.02982,0.56301,0.73853,1.94083,1.22839,0.0,0.49326,1.41666
R,A,65,1.01884,0.18155,0.38923,-0.27503,-0.28816,-0.63406,-0.07731,0.20041,3.47873,0.58729,0.23852,0.51235,0.10881,0.17113,0.18787,0.91329,0.43177,-0.29836,-0.01178,0.13082
I,A,66,1.65239,1.01694,0.97616,-0.5684,0.00208,-1.17629,-1.88206,-0.97343,3.60825,1.18371,0.88668,1.43772,-1.27329,0.43583,0.09098,1.61025,0.63437,0.77341,0.53817,0.9551
G,A,67,0.0,-1.68022,-1.83442,-1.00837,-2.34855,-3.24171,0.45308,2.06014,4.12491,0.07007,-1.21776,-1.27799,0.79983,-1.46499,0.10566,-0.33125,0.03045,-1.03846,0.66004,0.86619
D,A,68,0.40076,-0.45882,1.33437,-0.26308,1.2531,-0.57899,0.26759,0.27622,4.67489,-0.46292,0.42328,0.44011,0.274,-0.20374,-0.41782,-0.00726,0.03258,-0.21861,-0.0564,0.14313
E,A,69,0.56192,-0.35615,0.77491,-0.67268,0.35108,-1.55654,-0.651,-0.52133,3.62559,-0.34757,0.60104,0.42559,-0.48351,-0.24585,-0.36208,0.59192,-0.0082,-0.68476,-1.30993,0.04891
L,A,70,3.00293,2.85089,3.24849,0.03364,2.31103,-0.46299,-0.34733,-0.51662,5.85906,2.4685,3.23067,2.48886,0.31887,2.00473,1.56344,3.85028,3.33122,1.63437,1.90432,1.25652
D,A,71,0.45935,0.27367,0.79461,0.48039,0.24891,-0.14224,2.11079,2.29418,4.88247,-0.13202,-0.57642,0.07956,1.97731,-0.12482,0.18416,-0.01293,0.91503,0.41492,0.40829,1.70699
S,A,72,0.67428,0.21042,0.50793,-0.04029,0.17048,-0.03858,-0.14753,0.44625,3.00916,-0.00287,-0.25844,0.28472,0.06694,0.05704,-0.21762,0.93207,0.6078,-0.29317,-0.45968,-0.19947
N,A,73,0.87409,1.39019,1.37347,0.66261,0.86805,-0.3607,0.14503,1.08701,0.76642,0.86361,0.68423,0.92719,1.04975,-0.01491,1.31161,0.80408,1.29134,0.79646,0.97246,1.01257
M,A,74,0.45283,0.09314,0.67606,-0.12116,-0.03993,-0.00871,-0.08253,0.18519,-0.95031,0.53244,0.79457,0.68235,0.1761,0.69589,0.21272,0.99124,0.21742,-0.3066,0.01449,0.76287
E,A,75,1.12601,0.9683,0.845,0.19648,0.52299,0.23279,-0.35534,-0.45726,0.71707,0.60655,0.43719,1.11437,-0.30118,0.84492,0.35464,-0.23621,-0.00482,0.30588,0.23476,1.00882
L,A,76,3.15411,2.02231,1.58903,-0.01419,0.57541,-0.3466,-0.55744,1.2044,0.45293,2.543,2.15318,2.15409,1.27654,2.52923,1.67487,3.5691,2.35981,1.11156,0.30204,2.1215
Q,A,77,0.85225,-0.18476,0.64258,-0.65287,1.52849,-0.72733,-0.73931,-0.31401,6.14693,0.31313,-0.02794,0.73716,-0.52036,0.43771,-0.01363,1.55886,0.92293,-0.60818,-0.98876,-0.21542
R,A,78,1.19405,0.29452,0.80434,-0.28374,0.15571,-0.45369,-0.05906,0.24198,4.25686,0.30472,0.69092,0.82746,-0.0572,0.74708,-0.18359,1.03244,0.50373,-0.09696,-0.03149,0.96424
M,A,79,2.7194,1.63338,1.49341,0.52409,0.66629,-0.02888,0.3126,0.92647,3.5178,2.12903,2.02333,2.1576,1.10844,2.15375,1.37746,2.67953,1.94469,0.81549,1.05635,2.15559
I,A,80,3.15366,2.17119,1.18036,-0.45245,0.00633,-1.15752,-2.13492,-1.18722,4.22782,2.4326,1.39598,2.45412,-1.04871,2.08291,1.98866,3.70228,2.09885,2.38665,3.33401,0.39105
A,A,81,-0.12034,0.0,1.42426,-0.05497,0.98608,-0.25826,-0.53669,-0.15662,0.9669,-0.49242,0.10577,0.82576,-0.66618,-0.22116,0.15457,1.16349,0.61195,0.12481,0.42283,0.16232
A,A,82,-0.26919,0.0,1.00899,-0.3237,0.43147,-0.51249,-0.97249,-0.20291,4.59065,-0.79078,0.09024,-0.48527,-0.7672,-0.79957,-0.86791,0.31469,0.20653,-0.35024,-1.28243,-0.72183
V,A,83,0.2681,-0.20781,-0.00859,-2.31118,-0.86689,-2.73697,-1.53618,0.32669,2.63979,-0.31752,-0.13004,-0.51223,-0.4554,-0.41678,-0.35438,0.24714,0.11442,-0.30304,-0.8821,0.22985
D,A,84,0.39109,0.04639,0.28113,-0.8888,-0.31527,-0.81785,-0.62461,0.09905,0.59178,0.26968,0.19597,-0.23424,-0.11402,-0.13209,-0.20488,-0.03396,0.42183,-0.36261,-0.1106,0.18484
T,A,85,-0.54532,-0.29261,0.05887,-1.72925,1.18197,-2.75821,-2.77626,-3.76546,-1.04952,-0.44854,-0.00619,-0.62867,-2.22573,-0.62482,-0.5924,-0.60803,-0.47089,-0.67461,-1.03493,-1.16666
D,A,86,0.91669,1.3005,1.38994,1.19438,0.95336,1.3462,0.80475,1.78713,5.2763,0.89382,0.52257,1.6554,1.31423,0.66768,0.76006,-0.0,0.22709,0.88112,1.01701,0.91463
S,A,87,1.72588,0.95522,0.65135,1.00337,1.25445,0.78493,0.67185,1.02533,1.72856,1e-05,1.31143,0.79781,0.90266,0.73811,1.14385,0.92239,2.26105,1.3419,0.53675,1.13118
P,A,88,1.89131,1.00808,1.07112,-0.79615,0.32905,-1.64361,-1.14673,-0.97974,-0.00284,1.82327,1.0807,1.21877,-0.30998,1.58805,0.74295,1.13839,0.14666,0.71619,0.90892,0.99081
R,A,89,1.69123,0.70501,1.34335,-0.25903,1.12965,-1.3636,-0.57432,-0.83926,-0.3873,0.75673,1.51074,1.29035,-0.86523,1.40431,0.17429,1.45062,0.45914,0.36462,-0.01803,1.00085
E,A,90,2.1032,1.15869,1.20192,0.16128,0.59974,0.1499,0.16298,0.51205,0.61619,1.83468,1.36346,1.5733,0.31145,1.52534,0.41899,1.09022,-0.01451,0.44141,0.71903,1.29403
V,A,91,1.5936,0.74227,0.00017,-1.58344,0.10564,-1.53275,-1.26928,-2.77107,3.53875,1.28134,-0.05649,1.19772,0.05821,1.0707,0.82101,1.96684,1.73719,1.13434,1.15045,1.02979
F,A,92,5.16947,3.6287,2.54362,1.31069,2.06809,0.67284,-0.00674,0.90621,5.51382,4.05533,3.35013,3.73733,-0.40249,3.02208,3.01796,4.34701,3.81071,3.12634,2.78087,3.28835
F,A,93,1.48159,0.27885,0.38588,-0.73603,-0.29515,-0.74828,-0.04993,-0.24523,4.78903,0.46571,0.59598,0.7215,0.05041,-0.05019,-0.12711,0.54274,-0.30994,-0.08726,0.21699,0.67718
R,A,94,2.04547,1.44391,1.47138,0.47802,0.87031,0.28781,-0.51063,0.8541,6.18944,2.14894,1.14126,2.42369,0.76116,1.45913,1.14515,2.58869,1.89136,0.84169,-0.0,0.76348
V,A,95,3.80177,2.18314,-0.0027,-0.66473,-0.70262,-0.87735,-1.34567,-0.34752,4.56098,2.58521,1.72078,1.82075,0.59284,2.06097,1.3999,3.98931,2.61294,2.22976,0.94696,1.38128
A,A,96,1.82892,0.0,0.0579,-2.20042,-0.35329,-2.58527,-2.34699,-2.72418,7.06849,0.65821,0.05782,0.59142,-1.11345,0.84215,-0.05408,0.59524,0.06745,-0.0626,0.44847,-0.10507
A,A,97,0.55157,-0.0,-0.76198,-1.49702,-1.52832,-2.06105,-1.03499,-1.93205,3.21248,-0.1306,-0.19152,-0.37228,-0.90622,-0.05976,-0.49682,0.22486,-0.52091,-1.2524,-0.71557,-0.09817
D,A,98,0.57699,-0.02443,-0.0225,-1.72765,-0.92888,-1.85273,-1.61884,-0.26782,4.80658,0.89721,1.33434,1.01173,-1.36751,1.33414,0.54305,-0.01052,1.63588,0.41842,-0.33133,0.5868
M,A,99,2.70393,2.47366,2.74602,0.67858,3.34361,-0.00912,0.74248,-0.8896,2.95751,2.94387,2.92398,2.4663,2.50611,1.9773,2.22443,3.11789,3.23093,0.61678,2.26765,2.40665
F,A,100,1.24414,1.22401,2.67782,0.78947,2.37369,0.81323,0.01014,0.6948,5.77172,1.11365,1.19123,1.3082,1.09212,1.34184,0.58604,1.281,1.42393,0.82251,0.83778,1.13066
S,A,101,0.36202,0.1959,0.50166,-0.03642,0.17994,-0.02177,-0.58177,-0.43246,3.04171,-0.0054,-0.02135,0.19093,-0.29338,0.1706,-0.26025,0.84143,0.50266,-0.27854,-1.09425,-0.1932
D,A,102,0.33806,0.04269,0.50823,0.06655,0.39267,0.12736,0.29286,0.30856,0.5392,0.30119,0.41262,0.17701,0.24592,0.30447,-0.13116,-0.0203,0.01808,0.1532,-0.16489,0.60896
G,A,103,0.0,2.54812,3.57474,1.98558,4.469,2.13647,1.69912,1.61107,7.37644,2.3228,3.22073,2.38935,1.84679,1.53405,1.91245,2.42531,2.20398,1.78378,1.64205,2.23009
N,A,104,0.6008,0.074,0.2197,-0.08516,-0.23233,0.13443,-0.02958,0.00447,1.14737,0.46028,0.28363,0.21436,-0.19226,0.00892,-0.37306,-0.78494,-0.40611,-0.29068,-0.39946,-0.01402
F,A,105,1.74204,1.93645,3.53201,0.40145,3.34801,0.11,-0.0272,-0.51908,1.13308,1.92322,3.57105,1.42578,0.22478,1.63785,1.61976,1.77024,1.5591,1.15711,1.10959,1.07574
N,A,106,1.28266,1.00566,0.82252,0.15729,0.06598,-1.55893,0.33564,0.4093,2.39241,1.1637,1.5569,0.83707,0.34898,-0.00846,0.70058,-1.2188,0.33279,0.47149,0.44021,0.90769
W,A,107,4.5088,5.26103,4.38831,2.17948,3.80572,1.08278,1.21425,-0.0,8.07723,5.35823,4.67335,4.05837,1.87522,3.4529,3.67904,3.78023,5.01816,4.25253,4.22998,4.14421
G,A,108,0.0,-0.64221,-1.82698,-2.71236,-2.47376,-2.35053,-1.42751,-0.74058,0.19081,1.213,0.12536,-0.45128,-0.78223,-0.33249,0.41981,-0.22357,-1.00922,-0.45839,0.33543,0.00785
R,A,109,2.22327,1.13979,0.14255,-0.59401,-0.57117,-0.91242,-1.7651,-1.6941,-1.18971,2.20238,2.02082,1.18275,-1.09102,1.35879,1.29534,1.52391,1.7384,0.849,-0.24334,0.38411
V,A,110,2.61926,1.78641,0.00042,-1.31092,-0.8783,-0.91232,-0.66395,-1.22376,4.42851,2.22222,1.20927,1.70814,-0.25297,1.70556,1.31329,1.78717,0.95805,1.64029,2.03059,1.24505
V,A,111,2.59829,1.25044,0.00061,-1.76842,-1.02757,-2.01187,0.3397,-0.8806,0.14009,1.89544,0.69457,1.07515,1.07673,1.9216,0.12836,0.58337,-0.28126,1.61536,1.80856,0.80182
A,A,112,2.2732,0.0,0.18505,3.44307,0.52795,3.07389,12.19638,17.88206,3.83917,0.97472,1.40422,1.07496,13.82344,4.58506,4.15004,3.83798,5.47545,7.14802,8.79104,10.52116
L,A,113,3.04136,2.14683,2.25652,-0.03904,1.05009,-0.29608,3.63556,3.09516,3.8633,1.70073,0.93526,2.23099,3.70069,1.69569,1.50886,2.23013,2.12102,2.39245,2.71351,2.17367
F,A,114,2.79547,1.64432,1.17,0.10924,0.07014,-0.38445,0.01025,-1.60431,4.00098,1.89233,1.93931,2.0304,0.26416,2.18974,1.18599,2.09877,1.47412,1.27139,1.78372,1.84979
Y,A,115,4.48834,3.18386,2.03511,1.15343,1.40341,0.39103,0.32278,-0.80763,4.95528,3.31063,2.23216,3.34035,-0.04131,3.59405,2.55741,4.77762,4.09281,2.51548,2.19909,2.57803
F,A,116,4.74267,3.34927,3.25019,0.83278,2.12127,0.41063,-0.00825,-0.59724,6.82548,3.53339,4.41148,3.75368,0.73717,3.93938,2.51231,4.48102,3.6434,2.95009,3.00613,2.85768
A,A,117,1.87372,0.0,-0.15002,-1.20029,-1.22638,-3.24694,-1.01282,1.16787,4.67797,0.56,0.1279,0.00237,-0.27643,1.56059,-0.03178,1.37822,0.65447,0.82419,1.11645,0.9758
S,A,118,0.9753,-0.44703,-1.2284,-3.44435,-2.81193,-4.41559,0.31046,1.64959,2.89918,0.00018,-1.30948,-0.57734,3.70857,-0.95796,-1.42359,0.13266,-0.22235,0.19109,0.10129,1.88149
K,A,119,2.39671,0.69714,1.12932,-0.99826,0.31223,-1.66673,-0.24207,0.85579,3.68102,1.06166,1.57251,1.19161,0.23602,-0.33125,0.60841,2.28807,1.73638,-0.0,0.97567,1.80114
L,A,120,3.97242,2.47825,1.38245,-0.0104,0.25095,-0.54626,-0.39834,-1.61737,4.90764,2.81681,2.4565,2.78402,0.27286,1.75562,1.64892,3.20422,2.45766,2.32517,2.11554,1.90873
V,A,121,3.66273,1.92303,-0.00594,-1.23151,-0.98395,-1.6585,2.80595,2.44281,5.85563,2.57869,1.75835,2.06854,4.18864,2.68246,1.50235,3.43804,2.47984,1.88311,1.77867,2.42064
L,A,122,2.6366,1.54829,1.1217,-0.00118,0.01417,-1.1534,0.85258,0.89544,4.8623,1.7187,1.26205,1.97309,0.94696,1.29726,1.46782,2.63929,1.84459,1.24047,1.72257,2.45003
K,A,123,1.39692,0.59071,1.15867,-0.29565,0.20292,-0.64883,-0.65798,-0.1815,4.5743,1.43544,1.34577,1.27123,-0.27025,0.57194,0.62962,1.36962,0.73003,-0.0,0.12231,0.7038
A,A,124,1.77212,0.0,-0.2146,-0.93979,-0.45144,-0.62356,-2.03691,-0.30244,3.50731,0.81403,1.25302,0.41416,-1.57092,0.94042,1.04029,2.67,2.56274,1.22895,0.9435,1.45122
L,A,125,3.83001,2.30477,2.56533,-0.09803,1.50082,-1.0318,-0.64141,0.37327,8.69828,2.53354,3.00014,2.49451,-0.27278,2.78139,1.99356,3.55517,2.63323,1.13168,1.43554,2.06401
C,A,126,0.41073,0.22849,1.24772,-0.6873,0.39026,-1.26814,-0.51681,-0.39172,4.46642,-0.19105,1.07615,0.00071,-0.15641,-0.27518,-0.11841,1.03589,0.07188,-0.52468,-0.2556,0.83811
T,A,127,-0.80863,-0.67572,0.16105,-0.80712,-0.13326,-0.86366,-1.59135,-1.71926,1.17529,-0.93167,3e-05,0.00502,-1.31916,-0.96403,-0.29561,-0.08679,-0.19301,-0.82679,-1.29244,-1.11751
K,A,128,0.29232,1.27148,2.27099,1.26037,3.42746,2.54367,1.06869,2.44601,5.79087,1.14448,3.19717,1.0361,1.11162,0.56772,0.57906,1.13534,1.24635,-0.02827,-0.67286,0.27384
V,A,129,1.83098,0.46823,-0.0208,0.02744,0.19606,-0.56946,-0.03448,0.64204,4.897,0.59442,0.83833,-0.24798,0.42204,-0.25991,0.16241,-0.53368,0.33722,-0.27555,-0.18858,0.42447
P,A,130,1.85259,1.6391,2.08929,1.23005,1.55292,1.08945,1.60858,1.02934,-0.00027,1.9298,2.02863,2.15828,1.82525,1.74565,1.25664,1.91776,1.81096,1.2136,1.26793,2.19595
E,A,131,1.32748,0.67484,0.91535,0.28598,0.38225,0.1907,0.12442,0.329,0.47786,1.29074,1.02356,1.34047,0.13838,1.01934,0.33194,0.61317,0.01127,0.36084,0.47286,0.8461
L,A,132,2.22301,1.66209,1.46367,-0.00893,0.93983,-0.66145,-0.91795,0.52012,0.82422,1.02352,1.20835,1.94146,0.57069,1.44594,0.84152,1.03855,0.98101,0.95135,1.36219,1.64269
I,A,133,3.75702,2.54683,0.99446,0.16649,-0.00164,0.41512,2.13643,2.24236,1.86773,2.85718,2.47213,2.45515,2.55728,2.14877,1.94521,3.26952,2.29563,1.59811,1.65053,3.85395
R,A,134,1.08901,0.38327,0.39902,-0.2021,-0.03451,-0.60043,0.57298,-0.08439,1.9312,-0.25115,0.30684,0.87152,-0.4325,0.38718,0.48208,1.16918,1.15613,-0.00612,-0.10652,0.58176
T,A,135,1.01087,-0.16446,-0.00127,-0.77776,-0.51911,-0.96154,-0.78744,-0.12642,2.19431,0.20849,-0.00016,0.29315,-0.00043,-0.29301,-0.17094,-0.13499,-0.88715,-0.22747,0.14657,0.22686
I,A,136,4.63277,3.39534,1.33056,-0.2482,-0.0289,-0.29608,-0.97067,0.88023,7.04934,3.65694,2.19456,3.13323,-0.35706,2.96676,2.87266,3.63268,3.42853,2.68865,3.29292,1.88717
M,A,137,3.88358,2.23509,0.90283,0.08318,0.61835,-0.03823,2.43656,4.75882,4.38794,2.68957,2.2056,2.92666,5.64374,2.78648,2.16382,3.55433,2.64561,2.31337,2.64357,2.4423
G,A,138,0.0,-0.83034,4.71784,1.93494,4.08436,0.31375,18.05644,20.83028,4.44586,-0.35299,2.94867,1.5612,20.00562,5.73228,2.32632,6.57771,1.62083,2.29274,2.79308,16.76684
W,A,139,4.54943,2.99219,2.55158,1.06387,1.33204,0.26159,1.9622,-0.00189,5.12509,3.59751,3.28417,3.03922,2.29491,2.99999,3.42718,2.64862,3.28963,3.53481,3.78865,3.54354
T,A,140,1.36039,-0.17271,-1.54672,-3.07015,-2.87716,-3.52322,-2.95986,-0.47257,3.63187,0.24776,3e-05,-0.01495,0.4695,0.33964,-1.01422,0.41657,-0.28741,-0.14867,0.47132,-0.67041
L,A,141,5.27948,3.63104,3.90096,-0.01056,3.16399,0.26498,2.76601,11.67398,6.59078,5.06208,4.11999,3.53513,9.60198,3.22799,3.26272,5.52461,4.59698,3.65146,3.44774,2.15314
D,A,142,0.97938,-0.67736,1.33828,-1.01472,3.5559,-1.60138,4.57989,4.63783,10.1138,1.13284,2.8474,0.75248,5.11473,1.77362,0.95961,0.00133,-0.70457,1.87875,2.70821,6.96404
F,A,143,2.8393,2.06059,1.517,-0.18197,0.54885,-0.46912,0.0083,0.698,4.12123,2.17913,1.99747,2.02196,0.60966,2.20441,1.30409,2.60363,2.20453,2.44106,2.56223,1.81176
L,A,144,4.28103,2.88348,2.01665,-0.04879,1.23452,-0.11368,0.90544,-0.35984,4.66257,3.94586,2.28221,3.04222,1.80073,3.21461,2.79204,3.7866,2.92865,2.81295,2.79917,2.34347
R,A,145,2.21686,0.48108,2.07152,-1.14183,1.56351,-1.06465,-0.9448,0.27919,6.43199,1.87471,2.86691,1.03624,-0.97182,1.32548,-0.16913,1.82233,1.04737,-0.44088,-0.00064,1.10798
E,A,146,0.95918,0.49446,0.34992,-0.98215,-0.43393,-0.38792,-0.30336,-0.62997,8.22468,0.99743,0.94777,0.4433,-0.25235,0.73686,0.02468,0.56633,-0.05184,0.06501,0.40343,0.95618
R,A,147,1.18645,1.58026,0.56713,0.20027,0.81012,-0.39761,-0.70266,-0.52704,1.65592,1.28463,0.96426,0.83002,-0.11417,1.19434,0.38644,0.80064,0.41678,0.47437,-0.05502,0.80491
L,A,148,3.15977,2.55501,1.68119,-0.02763,0.85345,-0.41003,0.60905,1.71954,3.65429,2.98693,1.86145,2.42228,1.13948,2.32769,1.93682,1.903,1.6645,2.27415,2.37111,1.85135
L,A,149,4.19992,2.97906,1.72471,0.0078,0.57067,-0.42196,3.76132,4.88715,7.02024,3.33483,2.61872,2.8973,3.90527,3.60912,2.82459,3.4278,3.32233,3.61532,3.59634,4.03308
G,A,150,0.0,-0.0124,0.05872,-0.5417,-0.21911,-0.88813,-0.061,-0.19845,-0.72626,-0.67689,-0.75781,-0.10291,0.0964,-0.2278,-0.25204,-0.11403,0.0548,-0.10857,-0.01445,0.46343
W,A,151,3.7489,2.78533,3.56463,1.76709,2.73482,1.36193,0.31464,-0.05439,2.71456,2.72235,3.00199,3.74479,1.07675,3.82025,3.21496,3.83137,3.54861,3.33623,3.67454,3.90306
I,A,152,5.61488,3.70092,0.92068,0.48748,-0.00386,0.46235,-0.38851,5.63264,6.51731,4.32877,3.04044,3.81759,0.47401,4.35094,3.93869,5.50833,5.01952,4.05693,4.67255,3.08462
Q,A,153,0.26599,0.0386,-0.19759,-1.52188,-1.15878,-1.45866,-0.12423,0.20193,3.38672,0.63546,0.31772,0.14088,0.23804,0.34366,-0.00146,1.15762,0.42456,-0.72471,-0.33963,0.57911
D,A,154,0.05464,-0.03864,0.3078,-0.59245,-0.01177,-1.09606,-0.68988,-1.15806,0.59163,-0.26799,-0.25409,-0.10811,-0.64056,-0.26731,-0.4596,-0.00014,-0.2352,-0.46487,-0.36218,-0.19048
Q,A,155,0.84179,0.7017,0.6654,-1.13702,-0.89378,-1.59146,-0.07737,0.37723,2.46786,0.86245,1.32318,-0.00916,-0.1423,0.42092,-0.00786,0.55383,-0.13017,-0.13674,0.27636,0.98196
G,A,156,0.0,2.56067,4.16057,2.65247,4.03448,2.71461,2.4451,3.34833,7.77884,2.433,4.00271,2.29204,2.55898,1.21859,1.9276,2.31672,2.98938,2.09811,2.03866,1.8952
G,A,157,0.0,2.84177,4.75463,2.8679,4.38377,2.54133,3.60096,7.31963,3.89766,3.32064,4.99163,2.98545,6.03208,3.07191,3.2422,3.32904,3.14517,3.17133,3.16184,4.0751
W,A,158,3.42885,3.50066,2.92096,1.09945,2.25228,1.45889,-0.09606,0.0119,2.12955,3.47519,3.08623,3.79896,-0.45505,2.77851,3.32262,2.70184,2.33672,2.8349,2.6729,2.74786
D,A,159,0.53706,-0.02029,0.51602,-0.21691,0.00731,-0.38054,0.17062,0.10826,1.32784,0.07036,0.1246,0.50265,0.25637,-0.20137,-0.28491,-0.00372,-0.20949,-0.39045,-0.46875,0.10169
G,A,160,0.0,0.54575,2.87207,0.6363,4.2501,0.73029,2.67592,4.89959,0.11471,0.60418,2.63965,0.29385,1.3385,1.69026,1.3273,0.34098,1.56775,0.62697,1.22354,1.65592
L,A,161,5.15318,3.387,3.95146,-0.01241,3.19737,-0.05258,0.66612,-0.4414,4.27015,3.90978,5.57836,3.58982,3.59889,4.03417,2.95001,4.35918,3.34442,2.9807,2.94794,2.97785
L,A,162,2.31433,1.50187,1.61215,-8e-05,0.80911,-0.37943,0.61042,0.24838,3.75652,2.21722,1.38264,1.79525,0.70316,1.45993,1.36559,2.43065,1.43536,0.86218,0.92594,1.27567
S,A,163,0.92021,0.63658,1.71685,0.25137,1.48557,0.6356,0.34828,0.76773,3.79512,-8e-05,0.68539,0.50464,0.37188,0.42494,0.56944,1.11636,0.63164,0.23765,-0.06021,0.35934
Y,A,164,2.69332,2.24171,2.41916,0.74437,2.10639,0.00558,0.28753,-0.89053,6.63674,1.58809,2.80382,1.15361,0.0,1.99278,1.93076,3.0253,2.45565,1.81052,2.34522,2.10766
F,A,165,4.36818,4.04049,3.3058,1.94873,2.26194,1.27108,0.00513,-0.27872,5.48078,3.99186,3.49927,2.97167,0.71286,2.75332,3.28955,3.97642,4.00618,3.28808,3.50118,2.70169
G,A,166,0.0,0.87309,1.72614,-0.92039,0.84652,0.3051,0.49985,1.54088,-0.14566,0.6299,1.67992,1.71963,0.7124,0.75767,-0.20164,0.32092,1.68609,-0.1553,-0.40695,1.00013
T,A,167,0.4942,0.60557,1.29078,0.24905,0.92722,-0.01964,-1.16573,0.0024,2.73187,-0.99161,5e-05,0.40612,-1.08594,-0.0946,-0.29128,0.41485,0.2932,0.04539,-0.14478,0.18975
P,A,168,1.31462,1.10208,1.26778,1.24672,1.40262,1.20049,1.08195,1.11911,-0.00362,1.2413,1.2004,1.35124,1.10601,1.3698,0.94907,1.13175,0.54281,1.18801,1.06895,1.23499
T,A,169,-1.48422,-0.09149,0.904,-0.48385,1.87547,-0.50252,-0.81623,-0.80203,3.92128,-0.37841,0.0,-0.34056,-0.83844,-0.90054,-0.79985,-1.27925,-0.94744,-0.80977,-0.72548,-0.50836
W,A,170,1.14819,1.04837,2.00873,0.57395,1.24593,0.52193,-0.02782,0.01585,1.06921,1.05287,1.79646,1.69708,0.47825,1.13545,1.26576,0.58103,1.03683,1.08832,1.09441,1.71768
Q,A,171,0.863,0.43236,0.73675,0.15471,0.47787,-0.05334,0.1003,-0.22318,-0.4361,0.85101,0.75997,0.79015,0.13483,0.85811,-0.00767,-0.48314,-0.33516,0.27395,0.55921,0.75192
T,A,172,0.15853,-0.53035,-0.1762,-0.95598,-0.84287,-1.28186,-0.7034,-1.21023,-1.42538,-0.03163,4e-05,0.15028,-0.68534,-0.12515,-1.06025,-0.83371,-1.01881,-0.70756,-0.4612,-0.04274
V,A,173,1.95676,0.7942,6e-05,-1.06483,-0.37999,-1.09347,-0.00752,-0.87277,0.19241,1.47139,1.2007,1.09367,0.3869,1.41578,0.24998,1.06631,0.26029,0.21557,0.57495,0.46564
T,A,174,0.02868,-0.78242,-1.20786,-2.43341,-2.37744,-3.29958,-4.03856,-1.29648,2.4727,-0.04874,0.00032,-0.49499,-3.49807,-0.10049,-0.79862,0.17986,-0.59947,-1.49361,-3.1522,-0.46692
I,A,175,1.14294,0.35205,0.57505,-0.21039,8e-05,-0.28232,-0.00966,0.19189,2.82637,0.39739,0.09493,0.98853,0.11055,0.87003,0.1301,0.54239,0.19528,0.16766,0.42608,0.86873
F,A,176,2.59064,1.56566,1.8901,0.54496,1.10684,-0.10267,0.00124,1.2011,6.68006,2.49549,2.27148,2.35444,0.681,2.13849,1.13514,1.8056,1.26137,1.24026,1.55192,1.84843
V,A,177,2.83499,1.46426,0.00715,-1.38671,-1.3667,-1.39889,-0.47647,-1.28508,5.18624,1.83076,0.66943,1.70186,1.87104,1.28161,0.83725,2.55876,1.66722,0.9732,1.28313,0.13042
A,A,178,1.24397,0.0,-0.59257,-2.29333,-1.48472,-2.09259,-1.26949,-0.55309,2.51424,0.24712,0.37113,0.26354,-0.96094,-0.40504,-0.19436,1.61336,0.73552,-0.82241,-0.69967,-0.24991
G,A,179,0.0,-1.05169,-0.17188,-1.57724,-0.86926,-2.06748,-1.49469,-1.80327,3.43072,-1.07108,-0.96068,-0.33212,-1.49216,-1.18186,-1.28992,-0.67405,-1.14602,-1.28392,-1.06023,-0.69201
V,A,180,2.50292,1.05932,0.00722,-0.72976,-0.46803,-0.8945,-0.48631,0.8693,3.12904,1.39331,0.53267,1.52512,0.5074,1.45551,0.50479,1.88458,-0.0775,0.67089,1.0547,0.97453
L,A,181,4.19506,2.82603,1.2714,-0.00559,0.11048,-0.3912,0.21336,3.36559,4.54486,3.49516,2.71583,2.90032,2.61341,2.72351,1.88869,3.92682,3.0817,2.32886,3.24315,2.32567
T,A,182,0.92043,-0.15799,-0.36434,-1.31673,-1.08885,-1.64959,-0.75032,-0.51727,4.0844,0.08609,0.01387,-0.0459,-0.71639,-0.54843,-0.40628,0.58818,-0.40046,-1.17416,-0.7115,0.03708
A,A,183,0.89709,-0.0,0.58641,-0.3876,-0.11004,-1.00336,-0.18365,-0.71446,4.47278,0.91211,0.68383,0.70701,-0.1302,0.50128,-0.48234,0.49263,0.10751,-0.22317,-0.33888,0.40349
S,A,184,1.68645,0.04384,-0.97274,-1.75771,-2.15361,-2.08772,1.52888,5.1395,0.77538,0.00408,-0.79381,-0.22123,1.25844,1.82252,1.74571,3.41527,1.76614,1.19148,-0.04179,4.43761
L,A,185,2.7724,1.89435,1.80062,0.003,0.80802,-0.56127,-1.01586,0.12927,4.23637,2.11406,2.37523,2.43693,0.25756,1.6308,2.28667,3.42767,2.70077,1.89754,0.66583,0.81495
T,A,186,0.30575,-0.60549,0.06716,-1.15615,-0.49833,-1.35229,-1.31982,-1.18015,4.24222,-0.80984,-6e-05,-0.16442,-1.27835,-0.61526,-0.64505,-0.15077,-0.68378,-0.97417,-0.99945,-0.34176
I,A,187,0.59279,0.98819,0.57624,0.4377,-0.0002,-0.42644,-0.56361,-0.30872,2.00433,0.76433,0.61582,0.63944,-0.41796,0.72649,0.32621,1.11156,0.20748,0.31182,0.25185,0.06739
W,A,188,1.79449,1.4061,0.06668,-1.40222,-1.20485,-1.96808,-0.55323,-0.02127,6.96636,2.06069,1.2362,1.1967,-0.77391,1.6138,0.69597,1.79462,0.98123,0.45724,0.86292,1.38014
K,A,189,0.34449,0.7975,1.72948,-0.5732,0.62796,-1.09739,-2.11573,1.0884,1.72415,1.15459,1.66415,0.68765,0.84248,1.10865,0.91725,1.32381,1.57229,-0.04587,0.14448,0.69305
K,A,190,0.43014,0.36436,1.83867,-0.01011,1.73832,-0.16882,-0.03209,0.03218,1.98455,0.56572,1.79872,0.6171,-0.10716,0.14078,0.16209,0.01034,0.75769,-0.04189,0.05006,0.44401
M,A,191,-2.42674,0.35685,0.70303,0.22644,0.55651,-0.00272,-0.07811,-0.05494,3.04985,-0.15067,0.53953,0.24079,-0.01368,0.16912,-0.10591,0.21868,0.13431,-0.33435,-0.58745,0.17956
G,A,192,-0.0,1.75254,2.438,2.27655,2.56277,1.8683,1.38999,2.21226,3.35031,1.60254,2.31864,2.04641,1.50412,2.08254,1.95453,2.38913,2.23556,1.71754,1.64516,2.14227
